graph,scenario,gamma_u,q,estimator,gate,bias,sd,rmse,reps
synthetic,S1,0.0,0.1,EARL,2.0289111878287427,0.05428580223347801,2.7002424216079453,2.7007880486582563,1000
synthetic,S1,0.0,0.1,EARL-centred,2.0289111878287427,0.05895043122310506,3.822458623391388,3.8229131667984,1000
synthetic,S1,0.0,0.1,ERL-drop,2.0289111878287427,-1.8205914888225205,0.2700242421607945,1.840507120477265,1000
synthetic,S1,0.0,0.1,IPW-assign,2.0289111878287427,-1.8208350956735806,0.2704131402823325,1.8408051803691694,1000
synthetic,S1,0.0,0.1,IPW-alloc,2.0289111878287427,-1.3808898836492605,2.396450788337663,2.7658331930340765,1000
synthetic,S1,0.0,0.2,EARL,2.0289111878287427,0.034762532790237444,1.7463683420367362,1.7467142925373147,1000
synthetic,S1,0.0,0.2,EARL-centred,2.0289111878287427,-0.10998112688883976,2.996680131248042,2.9986976601999276,1000
synthetic,S1,0.0,0.2,ERL-drop,2.0289111878287427,-1.6161764437049468,0.3492736684073472,1.6534867379660154,1000
synthetic,S1,0.0,0.2,IPW-assign,2.0289111878287427,-1.6135508786638324,0.35525046004076666,1.6521953054636132,1000
synthetic,S1,0.0,0.2,IPW-alloc,2.0289111878287427,-1.4810997032335211,10.552613626074564,10.656045733391585,1000
synthetic,S1,0.0,0.3,EARL,2.0289111878287427,-0.0009796760962696993,1.2023231750402072,1.2023235741696237,1000
synthetic,S1,0.0,0.3,EARL-centred,2.0289111878287427,-0.037134827329394104,2.4863206917323835,2.486597992747799,1000
synthetic,S1,0.0,0.3,ERL-drop,2.0289111878287427,-1.420531734309001,0.3606969525120621,1.4656100094262547,1000
synthetic,S1,0.0,0.3,IPW-assign,2.0289111878287427,-1.423054891821644,0.3720895607823736,1.470896279953393,1000
synthetic,S1,0.0,0.3,IPW-alloc,2.0289111878287427,-0.5581106656701473,8.513145820736987,8.53142070702567,1000
synthetic,S1,0.0,0.4,EARL,2.0289111878287427,0.03125041705280385,0.912043281176662,0.9125785091187858,1000
synthetic,S1,0.0,0.4,EARL-centred,2.0289111878287427,0.12271559804960486,2.2659472809729184,2.2692677669577104,1000
synthetic,S1,0.0,0.4,ERL-drop,2.0289111878287427,-1.2048465458761242,0.3648173124706648,1.25886729665519,1000
synthetic,S1,0.0,0.4,IPW-assign,2.0289111878287427,-1.2024778862469343,0.39373653649003915,1.2652989872279463,1000
synthetic,S1,0.0,0.4,IPW-alloc,2.0289111878287427,-0.4153921635051421,7.381431763830972,7.393110680464232,1000
synthetic,S1,0.0,0.5,EARL,2.0289111878287427,0.0052922158714561185,0.7327994078615032,0.7328185175819453,1000
synthetic,S1,0.0,0.5,EARL-centred,2.0289111878287427,-0.01977927306019467,2.2321341679612283,2.232221799782171,1000
synthetic,S1,0.0,0.5,ERL-drop,2.0289111878287427,-1.0118094859786433,0.3663997039307516,1.0761074198038543,1000
synthetic,S1,0.0,0.5,IPW-assign,2.0289111878287427,-1.0081865939511951,0.4459020379177486,1.1023923238312725,1000
synthetic,S1,0.0,0.5,IPW-alloc,2.0289111878287427,0.37661874249082006,19.856001965761223,19.859573402807747,1000
synthetic,S1,0.0,0.6,EARL,2.0289111878287427,-0.007121319836076889,0.5465356465586321,0.546582039730057,1000
synthetic,S1,0.0,0.6,EARL-centred,2.0289111878287427,0.0761085335817846,2.1795203606203857,2.1808488052230457,1000
synthetic,S1,0.0,0.6,ERL-drop,2.0289111878287427,-0.8158372670331433,0.32792138793517916,0.8792740658892667,1000
synthetic,S1,0.0,0.6,IPW-assign,2.0289111878287427,-0.817943365132695,0.4939789502133085,0.9555346941992424,1000
synthetic,S1,0.0,0.6,IPW-alloc,2.0289111878287427,-0.06019730519390665,8.795599414996015,8.795805408524615,1000
synthetic,S1,0.0,0.7,EARL,2.0289111878287427,-0.016861711076616714,0.42395464104487257,0.4242898242521473,1000
synthetic,S1,0.0,0.7,EARL-centred,2.0289111878287427,-0.04652266434898866,2.355339487617949,2.355798900634456,1000
synthetic,S1,0.0,0.7,ERL-drop,2.0289111878287427,-0.6204765541022546,0.2967682487314108,0.6877954257231699,1000
synthetic,S1,0.0,0.7,IPW-assign,2.0289111878287427,-0.6074500254096853,0.5733829787594529,0.8353224369674805,1000
synthetic,S1,0.0,0.7,IPW-alloc,2.0289111878287427,0.12332875790585662,4.867647720604869,4.869209824441373,1000
synthetic,S1,0.0,0.8,EARL,2.0289111878287427,0.00603206216850527,0.30452441459091656,0.3045841506972172,1000
synthetic,S1,0.0,0.8,EARL-centred,2.0289111878287427,-0.007395807445801594,2.651851332319541,2.6518616454658224,1000
synthetic,S1,0.0,0.8,ERL-drop,2.0289111878287427,-0.40095658783094423,0.24361953167273326,0.46916592111690675,1000
synthetic,S1,0.0,0.8,IPW-assign,2.0289111878287427,-0.40723929380171,0.6375120701419654,0.7564823077857206,1000
synthetic,S1,0.0,0.8,IPW-alloc,2.0289111878287427,-0.06377473136921541,2.451704847299701,2.4525341739992257,1000
synthetic,S1,0.0,0.9,EARL,2.0289111878287427,-0.01894569927940326,0.22557834742476832,0.22637254769091386,1000
synthetic,S1,0.0,0.9,EARL-centred,2.0289111878287427,-0.11841999510952572,3.451034385219583,3.4530655399528176,1000
synthetic,S1,0.0,0.9,ERL-drop,2.0289111878287427,-0.21994224813433694,0.20302051268229152,0.299319095755962,1000
synthetic,S1,0.0,0.9,IPW-assign,2.0289111878287427,-0.23416154139239564,0.7864657854388442,0.8205851930989254,1000
synthetic,S1,0.0,0.9,IPW-alloc,2.0289111878287427,-0.05148223998613011,1.5646965534247466,1.5655432684321664,1000
synthetic,S1,0.0,1.0,EARL,2.0289111878287427,0.006502343268830035,0.20311650188807676,0.2032205545884441,1000
synthetic,S1,0.0,1.0,EARL-centred,2.0289111878287427,0.006502343268830035,0.20311650188807676,0.2032205545884441,1000
synthetic,S1,0.0,1.0,ERL-drop,2.0289111878287427,0.006502343268830035,0.20311650188807676,0.2032205545884441,1000
synthetic,S1,0.0,1.0,IPW-assign,2.0289111878287427,0.0065370776789670515,1.092818195133794,1.0928377468773964,1000
synthetic,S1,0.0,1.0,IPW-alloc,2.0289111878287427,0.006537077678966607,1.092818195133794,1.0928377468773964,1000
synthetic,S1,1.0,0.1,EARL,1.9865963574495753,0.00035301919804742177,0.7528826355785887,0.7528827183421838,1000
synthetic,S1,1.0,0.1,EARL-centred,1.9865963574495753,0.012987337728027848,1.566123629596789,1.5661774784878892,1000
synthetic,S1,1.0,0.1,ERL-drop,1.9865963574495753,-1.787901419784813,0.07528826355785886,1.7894859064821127,1000
synthetic,S1,1.0,0.1,IPW-assign,1.9865963574495753,-1.788064453526045,0.0771576002625268,1.7897284110282392,1000
synthetic,S1,1.0,0.1,IPW-alloc,1.9865963574495753,-1.103824762244047,10.513519580335517,10.571306592462514,1000
synthetic,S1,1.0,0.2,EARL,1.9865963574495753,-0.004211017576833731,0.5245693881437185,0.5245862899909867,1000
synthetic,S1,1.0,0.2,EARL-centred,1.9865963574495753,0.010542810795369562,1.2835351724412003,1.2835784704306663,1000
synthetic,S1,1.0,0.2,ERL-drop,1.9865963574495753,-1.5901192894750271,0.1049138776287437,1.5935765674983,1000
synthetic,S1,1.0,0.2,IPW-assign,1.9865963574495753,-1.5915891888342095,0.11587487121115105,1.5958017207009578,1000
synthetic,S1,1.0,0.2,IPW-alloc,1.9865963574495753,-1.2925229844803179,1.5721134800202905,2.0352288469534368,1000
synthetic,S1,1.0,0.3,EARL,1.9865963574495753,-0.0028371925378318785,0.41781441049542944,0.41782404344309815,1000
synthetic,S1,1.0,0.3,EARL-centred,1.9865963574495753,-0.04819853963625009,1.2160748792814065,1.2170296673632712,1000
synthetic,S1,1.0,0.3,ERL-drop,1.9865963574495753,-1.3914686079760523,0.12534432314862884,1.3971027472338606,1000
synthetic,S1,1.0,0.3,IPW-assign,1.9865963574495753,-1.3915103253787824,0.15091150134462708,1.3996696992054427,1000
synthetic,S1,1.0,0.3,IPW-alloc,1.9865963574495753,-1.0301057101397464,4.214449214067628,4.338513564807394,1000
synthetic,S1,1.0,0.4,EARL,1.9865963574495753,-0.009540943034602067,0.341557540573107,0.34169077118988617,1000
synthetic,S1,1.0,0.4,EARL-centred,1.9865963574495753,-0.06808001794396201,1.2703305202560218,1.2721534968458739,1000
synthetic,S1,1.0,0.4,ERL-drop,1.9865963574495753,-1.195774191683586,0.13662301622924283,1.2035538068819813,1000
synthetic,S1,1.0,0.4,IPW-assign,1.9865963574495753,-1.1973614618080575,0.2003995130910043,1.2140158298268766,1000
synthetic,S1,1.0,0.4,IPW-alloc,1.9865963574495753,-0.8171269088720114,2.120819350959097,2.2727892785309627,1000
synthetic,S1,1.0,0.5,EARL,1.9865963574495753,-0.00989957040780065,0.32129667771176873,0.3214491508821873,1000
synthetic,S1,1.0,0.5,EARL-centred,1.9865963574495753,0.029792993383514155,1.4140085701070093,1.4143224027041428,1000
synthetic,S1,1.0,0.5,ERL-drop,1.9865963574495753,-0.998247963928688,0.16064833885588437,1.0110919277023858,1000
synthetic,S1,1.0,0.5,IPW-assign,1.9865963574495753,-0.9910146506787632,0.2813593462040735,1.0301811100754734,1000
synthetic,S1,1.0,0.5,IPW-alloc,1.9865963574495753,0.17644552637229038,15.790825026379641,15.791810790327828,1000
synthetic,S1,1.0,0.6,EARL,1.9865963574495753,-0.001485337157412836,0.2704224783204085,0.2704265575113195,1000
synthetic,S1,1.0,0.6,EARL-centred,1.9865963574495753,-0.04878803910773932,1.4948733126620624,1.4956692460799033,1000
synthetic,S1,1.0,0.6,ERL-drop,1.9865963574495753,-0.7955297452742778,0.16225348699224512,0.8119074883613896,1000
synthetic,S1,1.0,0.6,IPW-assign,1.9865963574495753,-0.8018003792998409,0.3466875381808397,0.8735422699419072,1000
synthetic,S1,1.0,0.6,IPW-alloc,1.9865963574495753,-0.3027470940188359,5.005191622531069,5.014339336462187,1000
synthetic,S1,1.0,0.7,EARL,1.9865963574495753,0.005273790958286728,0.24371145453778897,0.24376850892598184,1000
synthetic,S1,1.0,0.7,EARL-centred,1.9865963574495753,-0.0013826621358370428,1.7128665374209011,1.712867095477886,1000
synthetic,S1,1.0,0.7,ERL-drop,1.9865963574495753,-0.5922872535640717,0.17059801817645223,0.6163666721523837,1000
synthetic,S1,1.0,0.7,IPW-assign,1.9865963574495753,-0.6147112000137345,0.463933421845848,0.7701325076426284,1000
synthetic,S1,1.0,0.7,IPW-alloc,1.9865963574495753,-0.0696029419990083,4.590752231669275,4.591279845763199,1000
synthetic,S1,1.0,0.8,EARL,1.9865963574495753,-0.013492665837895768,0.22457716669709651,0.22498212336340992,1000
synthetic,S1,1.0,0.8,EARL-centred,1.9865963574495753,0.029136173713148583,2.1261897313630547,2.1263893553092155,1000
synthetic,S1,1.0,0.8,ERL-drop,1.9865963574495753,-0.40811340416023145,0.17966173335767718,0.4459090592131287,1000
synthetic,S1,1.0,0.8,IPW-assign,1.9865963574495753,-0.4331731680552886,0.6044296153971925,0.7436223191192243,1000
synthetic,S1,1.0,0.8,IPW-alloc,1.9865963574495753,-0.04993539196371999,2.557863651585017,2.558351032104548,1000
synthetic,S1,1.0,0.9,EARL,1.9865963574495753,-0.01104963227132516,0.21802964560110602,0.21830946093624848,1000
synthetic,S1,1.0,0.9,EARL-centred,1.9865963574495753,0.09225298504650059,3.010252179328949,3.0116654522713304,1000
synthetic,S1,1.0,0.9,ERL-drop,1.9865963574495753,-0.20860430478914993,0.19622668104099544,0.28639250396776994,1000
synthetic,S1,1.0,0.9,IPW-assign,1.9865963574495753,-0.22444825409144453,0.7897936218922086,0.8210669789647558,1000
synthetic,S1,1.0,0.9,IPW-alloc,1.9865963574495753,-0.013465984037664747,1.5832616016388834,1.5833188661638011,1000
synthetic,S1,1.0,1.0,EARL,1.9865963574495753,0.00829931820566765,0.20852228958746116,0.20868738327334488,1000
synthetic,S1,1.0,1.0,EARL-centred,1.9865963574495753,0.00829931820566765,0.20852228958746116,0.20868738327334488,1000
synthetic,S1,1.0,1.0,ERL-drop,1.9865963574495753,0.00829931820566765,0.20852228958746116,0.20868738327334488,1000
synthetic,S1,1.0,1.0,IPW-assign,1.9865963574495753,0.045487211055954546,1.0594713618838776,1.0604473834291483,1000
synthetic,S1,1.0,1.0,IPW-alloc,1.9865963574495753,0.045487211055954546,1.0594713618838776,1.0604473834291483,1000
synthetic,S2,0.0,0.1,EARL,0.01977848981560919,-0.13300095327322548,6.719007329383834,6.720323559612682,1000
synthetic,S2,0.0,0.1,EARL-centred,0.01977848981560919,-0.25184662687958176,8.391795628626232,8.395573869373134,1000
synthetic,S2,0.0,0.1,ERL-drop,0.01977848981560919,-0.03110073616137078,0.6719007329383835,0.6726201384978866,1000
synthetic,S2,0.0,0.1,IPW-assign,0.01977848981560919,-0.03038629451123093,0.6709245475957342,0.6716122954954471,1000
synthetic,S2,0.0,0.1,IPW-alloc,0.01977848981560919,0.34924786288138887,11.182612955584212,11.18806536377613,1000
synthetic,S2,0.0,0.2,EARL,0.01977848981560919,-0.16908141624877362,4.831076308655048,4.834034218473094,1000
synthetic,S2,0.0,0.2,EARL-centred,0.01977848981560919,-0.23156880602036178,6.597743965162542,6.60180653622631,1000
synthetic,S2,0.0,0.2,ERL-drop,0.01977848981560919,-0.04963907510224206,0.9662152617310097,0.9674895192088282,1000
synthetic,S2,0.0,0.2,IPW-assign,0.01977848981560919,-0.05105008174024139,0.9704300077668103,0.9717718409276824,1000
synthetic,S2,0.0,0.2,IPW-alloc,0.01977848981560919,0.01321291820773621,22.12333522840875,22.123339174043306,1000
synthetic,S2,0.0,0.3,EARL,0.01977848981560919,0.16946691570932335,3.984318983129981,3.9879213626712797,1000
synthetic,S2,0.0,0.3,EARL-centred,0.01977848981560919,0.054273298031511055,5.881784366768551,5.882034760866527,1000
synthetic,S2,0.0,0.3,ERL-drop,0.01977848981560919,0.036995131841870574,1.1952956949389941,1.1958680688603114,1000
synthetic,S2,0.0,0.3,IPW-assign,0.01977848981560919,0.036799811710518215,1.1906557724192122,1.1912243258669295,1000
synthetic,S2,0.0,0.3,IPW-alloc,0.01977848981560919,0.15174877475504742,10.203676862030285,10.204805201245728,1000
synthetic,S2,0.0,0.4,EARL,0.01977848981560919,0.14197939507044155,3.5619907359687164,3.564819231286704,1000
synthetic,S2,0.0,0.4,EARL-centred,0.01977848981560919,0.18599386522172986,5.533746506311151,5.536871329009822,1000
synthetic,S2,0.0,0.4,ERL-drop,0.01977848981560919,0.04492466413881116,1.4247962943874866,1.4255043689685059,1000
synthetic,S2,0.0,0.4,IPW-assign,0.01977848981560919,0.035552791575081885,1.4384549709900722,1.4388942645499812,1000
synthetic,S2,0.0,0.4,IPW-alloc,0.01977848981560919,-27.93518091922959,890.4415145593603,890.8796019573898,1000
synthetic,S2,0.0,0.5,EARL,0.01977848981560919,0.10916396721774642,3.149824411763205,3.151715500592992,1000
synthetic,S2,0.0,0.5,EARL-centred,0.01977848981560919,0.06955776939877638,5.490113995957306,5.490554614234343,1000
synthetic,S2,0.0,0.5,ERL-drop,0.01977848981560919,0.044692738701068616,1.5749122058816025,1.5755462218314817,1000
synthetic,S2,0.0,0.5,IPW-assign,0.01977848981560919,0.04264764418920508,1.6232120693493843,1.6237722265257526,1000
synthetic,S2,0.0,0.5,IPW-alloc,0.01977848981560919,-0.454299291730618,12.262307788985437,12.27072044169697,1000
synthetic,S2,0.0,0.6,EARL,0.01977848981560919,-0.23169798936167196,2.8963748873489643,2.9056275477665694,1000
synthetic,S2,0.0,0.6,EARL-centred,0.01977848981560919,-0.16152245975968968,5.864568263271457,5.8667921745684515,1000
synthetic,S2,0.0,0.6,ERL-drop,0.01977848981560919,-0.14693018954324685,1.7378249324093782,1.7440252223815098,1000
synthetic,S2,0.0,0.6,IPW-assign,0.01977848981560919,-0.18434412691723845,1.8057524735374824,1.8151376677309121,1000
synthetic,S2,0.0,0.6,IPW-alloc,0.01977848981560919,-0.774021830075917,16.61172143494385,16.629744400489354,1000
synthetic,S2,0.0,0.7,EARL,0.01977848981560919,-0.22347647801553866,2.5506819306843953,2.5604530942288526,1000
synthetic,S2,0.0,0.7,EARL-centred,0.01977848981560919,-0.27521043718759414,5.727230601818691,5.7338391284675465,1000
synthetic,S2,0.0,0.7,ERL-drop,0.01977848981560919,-0.16236708155555984,1.785477351479077,1.7928447902196132,1000
synthetic,S2,0.0,0.7,IPW-assign,0.01977848981560919,-0.12999927075937304,1.8859575541271545,1.8904326770258832,1000
synthetic,S2,0.0,0.7,IPW-alloc,0.01977848981560919,-0.2324008728001162,7.494659424304779,7.498261802044437,1000
synthetic,S2,0.0,0.8,EARL,0.01977848981560919,0.12509119368922,2.5221102740646795,2.525210494450157,1000
synthetic,S2,0.0,0.8,EARL-centred,0.01977848981560919,-0.05816932982071682,6.600421366828842,6.600677684194443,1000
synthetic,S2,0.0,0.8,ERL-drop,0.01977848981560919,0.0961172569882542,2.0176882192517436,2.019976306098222,1000
synthetic,S2,0.0,0.8,IPW-assign,0.01977848981560919,0.1320378807492342,2.1411835435352025,2.1452507939769454,1000
synthetic,S2,0.0,0.8,IPW-alloc,0.01977848981560919,0.016489468528509427,4.457904226078095,4.457934722655469,1000
synthetic,S2,0.0,0.9,EARL,0.01977848981560919,-0.02259660262796257,2.404925853521866,2.4050320096389988,1000
synthetic,S2,0.0,0.9,EARL-centred,0.01977848981560919,-0.030732921953084996,9.060302273017555,9.06035439654205,1000
synthetic,S2,0.0,0.9,ERL-drop,0.01977848981560919,-0.022314791346727203,2.164433268169679,2.164548295204458,1000
synthetic,S2,0.0,0.9,IPW-assign,0.01977848981560919,0.003984508828686135,2.338637606363267,2.338641000711122,1000
synthetic,S2,0.0,0.9,IPW-alloc,0.01977848981560919,-0.09351243150701224,3.097157777349822,3.098569165380183,1000
synthetic,S2,0.0,1.0,EARL,0.01977848981560919,0.04836839704321767,2.231559950741389,2.2320840744885575,1000
synthetic,S2,0.0,1.0,EARL-centred,0.01977848981560919,0.04836839704321767,2.231559950741389,2.2320840744885575,1000
synthetic,S2,0.0,1.0,ERL-drop,0.01977848981560919,0.04836839704321767,2.231559950741389,2.2320840744885575,1000
synthetic,S2,0.0,1.0,IPW-assign,0.01977848981560919,0.11901434395340448,2.646308086083643,2.648982993629505,1000
synthetic,S2,0.0,1.0,IPW-alloc,0.01977848981560919,0.11901434395340445,2.646308086083643,2.648982993629505,1000
synthetic,S2,1.0,0.1,EARL,0.0026019468617708413,0.12463271738838452,9.475403040078461,9.476222669722983,1000
synthetic,S2,1.0,0.1,EARL-centred,0.0026019468617708413,0.2730352894934173,12.23444304968239,12.23748932605175,1000
synthetic,S2,1.0,0.1,ERL-drop,0.0026019468617708413,0.010121519563244724,0.947540304007846,0.9475943609359176,1000
synthetic,S2,1.0,0.1,IPW-assign,0.0026019468617708413,0.01162394937519889,0.9498953869866836,0.9499665059451615,1000
synthetic,S2,1.0,0.1,IPW-alloc,0.0026019468617708413,-0.40744597082621437,11.803206290683828,11.810236702097923,1000
synthetic,S2,1.0,0.2,EARL,0.0026019468617708413,0.2071586364443139,6.44474281302686,6.448071388152804,1000
synthetic,S2,1.0,0.2,EARL-centred,0.0026019468617708413,0.23500483647759804,8.64097139760821,8.644166470368964,1000
synthetic,S2,1.0,0.2,ERL-drop,0.0026019468617708413,0.03935016979944616,1.288948562605372,1.2895490812317691,1000
synthetic,S2,1.0,0.2,IPW-assign,0.0026019468617708413,0.0412834887252167,1.2946137606914419,1.2952718308575089,1000
synthetic,S2,1.0,0.2,IPW-alloc,0.0026019468617708413,-0.025053100337047426,6.443058214014145,6.443106921898133,1000
synthetic,S2,1.0,0.3,EARL,0.0026019468617708413,-0.02521023996216893,5.135072577536717,5.135134461021302,1000
synthetic,S2,1.0,0.3,EARL-centred,0.0026019468617708413,-0.35060246558347496,8.004108977784014,8.011783984676313,1000
synthetic,S2,1.0,0.3,ERL-drop,0.0026019468617708413,-0.00938443479189018,1.540521773261015,1.5405503566932257,1000
synthetic,S2,1.0,0.3,IPW-assign,0.0026019468617708413,-0.010736147345097874,1.5559655030589379,1.556002542275966,1000
synthetic,S2,1.0,0.3,IPW-alloc,0.0026019468617708413,1.3307262665328654,41.49461733886112,41.51594995293922,1000
synthetic,S2,1.0,0.4,EARL,0.0026019468617708413,0.1505244408122427,4.2799668538560605,4.282612973102798,1000
synthetic,S2,1.0,0.4,EARL-centred,0.0026019468617708413,0.11559785999732831,6.824935227452829,6.825914131027621,1000
synthetic,S2,1.0,0.4,ERL-drop,0.0026019468617708413,0.058648608207834484,1.7119867415424244,1.7129910281323029,1000
synthetic,S2,1.0,0.4,IPW-assign,0.0026019468617708413,0.06904597642696342,1.7288117438708543,1.7301899874310154,1000
synthetic,S2,1.0,0.4,IPW-alloc,0.0026019468617708413,1.0735235268118901,37.79537951951665,37.81062239354065,1000
synthetic,S2,1.0,0.5,EARL,0.0026019468617708413,0.16990231488383675,3.8033814741040155,3.8071744685738427,1000
synthetic,S2,1.0,0.5,EARL-centred,0.0026019468617708413,-0.1775712182160061,6.759411819619241,6.761743834599697,1000
synthetic,S2,1.0,0.5,ERL-drop,0.0026019468617708413,0.08365018401103295,1.9016907370520078,1.903529619594738,1000
synthetic,S2,1.0,0.5,IPW-assign,0.0026019468617708413,0.06780074466152877,1.9423599098766189,1.9435428887659167,1000
synthetic,S2,1.0,0.5,IPW-alloc,0.0026019468617708413,0.6435479876084563,48.258714153733344,48.26300493943677,1000
synthetic,S2,1.0,0.6,EARL,0.0026019468617708413,-0.10613345658354609,3.1800280146190745,3.1817986241068907,1000
synthetic,S2,1.0,0.6,EARL-centred,0.0026019468617708413,-0.16213366215469568,6.609499352723875,6.611487655441929,1000
synthetic,S2,1.0,0.6,ERL-drop,0.0026019468617708413,-0.06472085269483592,1.9080168087714444,1.9091141745133824,1000
synthetic,S2,1.0,0.6,IPW-assign,0.0026019468617708413,-0.06392683315932084,1.93341777386764,1.9344743286756432,1000
synthetic,S2,1.0,0.6,IPW-alloc,0.0026019468617708413,-0.12037742778834937,8.634391392540824,8.635230480114819,1000
synthetic,S2,1.0,0.7,EARL,0.0026019468617708413,0.008858547905324215,2.8323283105410506,2.8323421637512856,1000
synthetic,S2,1.0,0.7,EARL-centred,0.0026019468617708413,-0.2947942646818637,6.595470434834471,6.6020552796280745,1000
synthetic,S2,1.0,0.7,ERL-drop,0.0026019468617708413,0.005420399475195665,1.9826298173787356,1.9826372268999968,1000
synthetic,S2,1.0,0.7,IPW-assign,0.0026019468617708413,0.01786393628518758,2.076320890944111,2.076397737041376,1000
synthetic,S2,1.0,0.7,IPW-alloc,0.0026019468617708413,-0.15470512732340824,6.307478567503512,6.309375528206917,1000
synthetic,S2,1.0,0.8,EARL,0.0026019468617708413,0.024810999599091825,2.6858781110894183,2.6859927053754946,1000
synthetic,S2,1.0,0.8,EARL-centred,0.0026019468617708413,0.0745039667539831,7.716217897633648,7.716577575896189,1000
synthetic,S2,1.0,0.8,ERL-drop,0.0026019468617708413,0.019328410306919203,2.1487024888715345,2.148789420377837,1000
synthetic,S2,1.0,0.8,IPW-assign,0.0026019468617708413,-0.005593004776550146,2.3472541507958717,2.3472608142536866,1000
synthetic,S2,1.0,0.8,IPW-alloc,0.0026019468617708413,-0.0003423647716556603,4.961272480053744,4.9612724918666045,1000
synthetic,S2,1.0,0.9,EARL,0.0026019468617708413,0.016529370298305347,2.38229553249816,2.3823528756763026,1000
synthetic,S2,1.0,0.9,EARL-centred,0.0026019468617708413,0.2502148349869826,9.850193857500571,9.853371326301955,1000
synthetic,S2,1.0,0.9,ERL-drop,0.0026019468617708413,0.014616238582297858,2.144065979248344,2.1441157985986803,1000
synthetic,S2,1.0,0.9,IPW-assign,0.0026019468617708413,0.002306726861145105,2.356168196413247,2.3561693255744727,1000
synthetic,S2,1.0,0.9,IPW-alloc,0.0026019468617708413,0.08223083874579684,3.1244467020515487,3.125528612059348,1000
synthetic,S2,1.0,1.0,EARL,0.0026019468617708413,-0.07010748755162888,2.170814987439133,2.171946769490718,1000
synthetic,S2,1.0,1.0,EARL-centred,0.0026019468617708413,-0.07010748755162888,2.170814987439133,2.171946769490718,1000
synthetic,S2,1.0,1.0,ERL-drop,0.0026019468617708413,-0.07010748755162888,2.170814987439133,2.171946769490718,1000
synthetic,S2,1.0,1.0,IPW-assign,0.0026019468617708413,0.0196100853680104,2.511598920359084,2.5116754750956694,1000
synthetic,S2,1.0,1.0,IPW-alloc,0.0026019468617708413,0.0196100853680104,2.511598920359084,2.5116754750956694,1000
synthetic,S3,1.0,0.1,EARL,0.0,-2.571827269564094,1.6331654067183743,3.046559493949707,1000
synthetic,S3,1.0,0.1,EARL-centred,0.0,-2.464248280025665,3.7811522282115235,4.513272843349759,1000
synthetic,S3,1.0,0.1,ERL-drop,0.0,-0.2571827269564094,0.16331654067183746,0.30465594939497076,1000
synthetic,S3,1.0,0.1,IPW-assign,0.0,-0.2578296424893229,0.16613127434965747,0.30671766310927256,1000
synthetic,S3,1.0,0.1,IPW-alloc,0.0,0.04815894015392115,4.812419156089305,4.812660118625878,1000
synthetic,S3,1.0,0.2,EARL,0.0,-2.2677181996647895,0.7850777032709629,2.399769329178145,1000
synthetic,S3,1.0,0.2,EARL-centred,0.0,-1.71451011593786,2.8474447781757717,3.323775970551223,1000
synthetic,S3,1.0,0.2,ERL-drop,0.0,-0.45354363993295793,0.15701554065419263,0.47995386583562905,1000
synthetic,S3,1.0,0.2,IPW-assign,0.0,-0.4544252173378061,0.16977966691911303,0.4851055693884346,1000
synthetic,S3,1.0,0.2,IPW-alloc,0.0,-0.23442146805854636,4.838837961498837,4.844513003628841,1000
synthetic,S3,1.0,0.3,EARL,0.0,-1.9845685357700227,0.3984315994830249,2.024168968400359,1000
synthetic,S3,1.0,0.3,EARL-centred,0.0,-1.1198880897592827,2.617966725668291,2.847437288210409,1000
synthetic,S3,1.0,0.3,ERL-drop,0.0,-0.5953705607310068,0.11952947984490744,0.6072506905201077,1000
synthetic,S3,1.0,0.3,IPW-assign,0.0,-0.5959165429666963,0.1522752264378858,0.6150644444024446,1000
synthetic,S3,1.0,0.3,IPW-alloc,0.0,-0.021406920500672433,1.8235148067643483,1.8236404543478795,1000
synthetic,S3,1.0,0.4,EARL,0.0,-1.7131252527275864,0.25895184454235154,1.7325859832414792,1000
synthetic,S3,1.0,0.4,EARL-centred,0.0,-0.5311537455971101,2.171909489660511,2.235914831280302,1000
synthetic,S3,1.0,0.4,ERL-drop,0.0,-0.6852501010910347,0.10358073781694063,0.6930343932965918,1000
synthetic,S3,1.0,0.4,IPW-assign,0.0,-0.6818930501177295,0.1533779722471134,0.6989298492477601,1000
synthetic,S3,1.0,0.4,IPW-alloc,0.0,-0.11234544927281893,5.8789062456816135,5.879979604172671,1000
synthetic,S3,1.0,0.5,EARL,0.0,-1.44089542740827,0.2922914270271596,1.4702428068314546,1000
synthetic,S3,1.0,0.5,EARL-centred,0.0,0.03734854702441464,1.9832498199586561,1.983601462575302,1000
synthetic,S3,1.0,0.5,ERL-drop,0.0,-0.720447713704135,0.1461457135135798,0.7351214034157273,1000
synthetic,S3,1.0,0.5,IPW-assign,0.0,-0.713314518017851,0.19224546847293456,0.738766486627146,1000
synthetic,S3,1.0,0.5,IPW-alloc,0.0,0.06573091727702286,2.059067573324934,2.060116459087765,1000
synthetic,S3,1.0,0.6,EARL,0.0,-1.1213669903854455,0.38476482915758997,1.1855411848108783,1000
synthetic,S3,1.0,0.6,EARL-centred,0.0,0.6085001266775332,1.7652636123248309,1.867197907337271,1000
synthetic,S3,1.0,0.6,ERL-drop,0.0,-0.6728201942312674,0.230858897494554,0.7113247108865272,1000
synthetic,S3,1.0,0.6,IPW-assign,0.0,-0.675050276874485,0.22199942452928773,0.7106170704392443,1000
synthetic,S3,1.0,0.6,IPW-alloc,0.0,0.196017245401745,5.805801343675343,5.809109398411887,1000
synthetic,S3,1.0,0.7,EARL,0.0,-0.8755147648559032,0.4457320407681002,0.9824475332800132,1000
synthetic,S3,1.0,0.7,EARL-centred,0.0,1.0598196680443943,1.5692145339949053,1.8935817865818678,1000
synthetic,S3,1.0,0.7,ERL-drop,0.0,-0.6128603353991323,0.3120124285376701,0.6877132732960093,1000
synthetic,S3,1.0,0.7,IPW-assign,0.0,-0.5883453845690809,0.2811237018998393,0.65205891398984,1000
synthetic,S3,1.0,0.7,IPW-alloc,0.0,0.051676138465329015,2.8284207255443037,2.828892755827844,1000
synthetic,S3,1.0,0.8,EARL,0.0,-0.5815083506183307,0.542618598346899,0.7953533209277527,1000
synthetic,S3,1.0,0.8,EARL-centred,0.0,1.715135448669695,1.8739327233374992,2.540337272662528,1000
synthetic,S3,1.0,0.8,ERL-drop,0.0,-0.4652066804946646,0.43409487867751917,0.6362826567422022,1000
synthetic,S3,1.0,0.8,IPW-assign,0.0,-0.4696264402002872,0.3375944371037968,0.5783761728309901,1000
synthetic,S3,1.0,0.8,IPW-alloc,0.0,-0.034242530096905796,1.1941918567586074,1.194682694951261,1000
synthetic,S3,1.0,0.9,EARL,0.0,-0.28775589528935314,0.5699524070818135,0.6384741197669098,1000
synthetic,S3,1.0,0.9,EARL-centred,0.0,2.2444449571058422,2.5597999318103097,3.404424893630922,1000
synthetic,S3,1.0,0.9,ERL-drop,0.0,-0.2589803057604178,0.5129571663736321,0.5746267077902188,1000
synthetic,S3,1.0,0.9,IPW-assign,0.0,-0.257098147280901,0.4200188003586347,0.4924583738652218,1000
synthetic,S3,1.0,0.9,IPW-alloc,0.0,0.027428253309946447,0.891440404812193,0.8918622676239651,1000
synthetic,S3,1.0,1.0,EARL,0.0,-0.00938595071668728,0.6003350874951134,0.6004084554273212,1000
synthetic,S3,1.0,1.0,EARL-centred,0.0,-0.00938595071668728,0.6003350874951134,0.6004084554273212,1000
synthetic,S3,1.0,1.0,ERL-drop,0.0,-0.00938595071668728,0.6003350874951134,0.6004084554273212,1000
synthetic,S3,1.0,1.0,IPW-assign,0.0,0.024145210346259324,0.49135617716560825,0.49194906649110104,1000
synthetic,S3,1.0,1.0,IPW-alloc,0.0,0.02414521034625933,0.4913561771656082,0.491949066491101,1000
amazon,S1,0.0,0.1,EARL,2.0038270358510557,-0.007335892064948668,0.49672719955365935,0.49678136648711924,1000
amazon,S1,0.0,0.1,EARL-centred,2.0038270358510557,-0.026354604482871746,1.1500874560830139,1.150389378348456,1000
amazon,S1,0.0,0.1,ERL-drop,2.0038270358510557,-1.804177921472445,0.04967271995536592,1.8048615878887766,1000
amazon,S1,0.0,0.1,IPW-assign,2.0038270358510557,-1.8047227745798962,0.05117344308555947,1.8054481477917304,1000
amazon,S1,0.0,0.1,IPW-alloc,2.0038270358510557,-0.5024140784979509,2.92365002487363,2.966504571750484,1000
amazon,S1,0.0,0.2,EARL,2.0038270358510557,0.008925720030099171,0.35305372188381384,0.3531665315599272,1000
amazon,S1,0.0,0.2,EARL-centred,2.0038270358510557,0.0027517982942519836,0.874893521185508,0.8748978487836333,1000
amazon,S1,0.0,0.2,ERL-drop,2.0038270358510557,-1.6012764846748249,0.07061074437676275,1.6028325731635245,1000
amazon,S1,0.0,0.2,IPW-assign,2.0038270358510557,-1.6009368066717158,0.08259420361455638,1.603065956667708,1000
amazon,S1,0.0,0.2,IPW-alloc,2.0038270358510557,-0.19260907794144333,2.4115662208366,2.4192457284008118,1000
amazon,S1,0.0,0.3,EARL,2.0038270358510557,0.005999677468577769,0.2709945469535989,0.2710609536770527,1000
amazon,S1,0.0,0.3,EARL-centred,2.0038270358510557,0.029466632072888466,0.7315595761755394,0.7321527818016222,1000
amazon,S1,0.0,0.3,ERL-drop,2.0038270358510557,-1.4008790218551657,0.08129836408607968,1.403236066339858,1000
amazon,S1,0.0,0.3,IPW-assign,2.0038270358510557,-1.4021826731835012,0.10437453767447849,1.406061980529589,1000
amazon,S1,0.0,0.3,IPW-alloc,2.0038270358510557,-0.1554931646766866,2.2686141653759524,2.2739367527716334,1000
amazon,S1,0.0,0.4,EARL,2.0038270358510557,-1.6919187213471076e-05,0.23215559745813938,0.23215559807466316,1000
amazon,S1,0.0,0.4,EARL-centred,2.0038270358510557,-0.013639569731332735,0.6993528575985423,0.6994858521040314,1000
amazon,S1,0.0,0.4,ERL-drop,2.0038270358510557,-1.2023029891855188,0.09286223898325577,1.2058838556152152,1000
amazon,S1,0.0,0.4,IPW-assign,2.0038270358510557,-1.2016209652205148,0.19956705165083205,1.2180804374761494,1000
amazon,S1,0.0,0.4,IPW-alloc,2.0038270358510557,-0.09820847187105697,4.810220442244702,4.81122288061321,1000
amazon,S1,0.0,0.5,EARL,2.0038270358510557,-0.0026148503217848784,0.19922436389663667,0.19924152331335163,1000
amazon,S1,0.0,0.5,EARL-centred,2.0038270358510557,-0.0006076106767385347,0.6786542754302879,0.6786545474323027,1000
amazon,S1,0.0,0.5,ERL-drop,2.0038270358510557,-1.0032209430864203,0.09961218194831833,1.0081541784071082,1000
amazon,S1,0.0,0.5,IPW-assign,2.0038270358510557,-1.0120086805525736,0.15533923443164202,1.023861244147648,1000
amazon,S1,0.0,0.5,IPW-alloc,2.0038270358510557,-0.010716280854088156,2.5282639763660497,2.528286687238141,1000
amazon,S1,0.0,0.6,EARL,2.0038270358510557,-0.0022358251766023685,0.18782131747232686,0.18783462463364128,1000
amazon,S1,0.0,0.6,EARL-centred,2.0038270358510557,0.013595170247913568,0.718399768458338,0.718528396081229,1000
amazon,S1,0.0,0.6,ERL-drop,2.0038270358510557,-0.8028723094463841,0.11269279048339613,0.8107426288919961,1000
amazon,S1,0.0,0.6,IPW-assign,2.0038270358510557,-0.8094255527360581,0.24726015597599693,0.8463494019347728,1000
amazon,S1,0.0,0.6,IPW-alloc,2.0038270358510557,-0.09194786363687713,1.0578775989683327,1.061866010392267,1000
amazon,S1,0.0,0.7,EARL,2.0038270358510557,0.002705411227530874,0.16587233383272976,0.1658943952670692,1000
amazon,S1,0.0,0.7,EARL-centred,2.0038270358510557,0.01112442503865596,0.7814330764183864,0.7815122556640711,1000
amazon,S1,0.0,0.7,ERL-drop,2.0038270358510557,-0.599254322896045,0.11611063368291087,0.6103993961037678,1000
amazon,S1,0.0,0.7,IPW-assign,2.0038270358510557,-0.5927039451114209,0.3249936774607579,0.675957733101789,1000
amazon,S1,0.0,0.7,IPW-alloc,2.0038270358510557,-0.05317895413240725,1.1709172092473987,1.1721241879913293,1000
amazon,S1,0.0,0.8,EARL,2.0038270358510557,-0.0018986091185202447,0.1599688451203226,0.15998011165677656,1000
amazon,S1,0.0,0.8,EARL-centred,2.0038270358510557,0.01959491272688485,0.8256783924237128,0.8259108718985244,1000
amazon,S1,0.0,0.8,ERL-drop,2.0038270358510557,-0.40228429446502734,0.12797507609625802,0.42214958684697046,1000
amazon,S1,0.0,0.8,IPW-assign,2.0038270358510557,-0.4087874729278842,0.45716256993901366,0.6132738485994729,1000
amazon,S1,0.0,0.8,IPW-alloc,2.0038270358510557,-0.06244886398180771,0.7792938799890855,0.7817920516358947,1000
amazon,S1,0.0,0.9,EARL,2.0038270358510557,0.003887006613247035,0.15386804124098213,0.15391713009196867,1000
amazon,S1,0.0,0.9,EARL-centred,2.0038270358510557,-0.030002544211494175,1.155376926100384,1.155766409801018,1000
amazon,S1,0.0,0.9,ERL-drop,2.0038270358510557,-0.19688439763318355,0.13848123711688395,0.24070836932853867,1000
amazon,S1,0.0,0.9,IPW-assign,2.0038270358510557,-0.23531573028533836,0.2776660238473653,0.3639669129452947,1000
amazon,S1,0.0,0.9,IPW-alloc,2.0038270358510557,-0.04639912531532109,0.5652836674558163,0.5671847172855813,1000
amazon,S1,0.0,1.0,EARL,2.0038270358510557,-0.0034935297030425083,0.14749335193584023,0.14753472003245768,1000
amazon,S1,0.0,1.0,EARL-centred,2.0038270358510557,-0.0034935297030425083,0.14749335193584023,0.14753472003245768,1000
amazon,S1,0.0,1.0,ERL-drop,2.0038270358510557,-0.0034935297030425083,0.14749335193584023,0.14753472003245768,1000
amazon,S1,0.0,1.0,IPW-assign,2.0038270358510557,-0.0474380277155233,0.2869115153964125,0.29080678145566796,1000
amazon,S1,0.0,1.0,IPW-alloc,2.0038270358510557,-0.0474380277155233,0.2869115153964125,0.29080678145566796,1000
amazon,S1,1.0,0.1,EARL,2.0033455122970305,-0.008294079885251104,0.3903782067168369,0.39046630589667575,1000
amazon,S1,1.0,0.1,EARL-centred,2.0033455122970305,-0.024927481390149442,0.9575245285315257,0.9578489453290517,1000
amazon,S1,1.0,0.1,ERL-drop,2.0033455122970305,-1.8038403690558527,0.03903782067168369,1.8042627382059269,1000
amazon,S1,1.0,0.1,IPW-assign,2.0033455122970305,-1.8040905666452467,0.04036504610859107,1.8045420775381538,1000
amazon,S1,1.0,0.1,IPW-alloc,2.0033455122970305,-0.4374610210709946,2.970857183535745,3.002892697037711,1000
amazon,S1,1.0,0.2,EARL,2.0033455122970305,-0.010742915862290703,0.27471715418545956,0.27492712678995834,1000
amazon,S1,1.0,0.2,EARL-centred,2.0033455122970305,0.01867518573317195,0.7689622064462528,0.7691889478566745,1000
amazon,S1,1.0,0.2,ERL-drop,2.0033455122970305,-1.6048249930100826,0.054943430837091904,1.6057652502099933,1000
amazon,S1,1.0,0.2,IPW-assign,2.0033455122970305,-1.6028016171928519,0.07138643786569761,1.6043905533214706,1000
amazon,S1,1.0,0.2,IPW-alloc,2.0033455122970305,-0.12000503666683193,8.12695013425398,8.127836101538723,1000
amazon,S1,1.0,0.3,EARL,2.0033455122970305,-0.004262306839711405,0.2285013525312844,0.2285411021418733,1000
amazon,S1,1.0,0.3,EARL-centred,2.0033455122970305,-0.021533092304862667,0.6740628028944338,0.67440665500135,1000
amazon,S1,1.0,0.3,ERL-drop,2.0033455122970305,-1.4036205506598347,0.06855040575938529,1.40529349545367,1000
amazon,S1,1.0,0.3,IPW-assign,2.0033455122970305,-1.4113138482008614,0.2861634117429831,1.4400334288980614,1000
amazon,S1,1.0,0.3,IPW-alloc,2.0033455122970305,-0.26451180558365195,1.6338619603827549,1.6551348588193358,1000
amazon,S1,1.0,0.4,EARL,2.0033455122970305,-0.0008623906657700964,0.20801290882221582,0.20801469648642587,1000
amazon,S1,1.0,0.4,EARL-centred,2.0033455122970305,-0.0081100496989166,0.6389273104683283,0.638978779748131,1000
amazon,S1,1.0,0.4,ERL-drop,2.0033455122970305,-1.2023522636445265,0.08320516352888634,1.2052278063208572,1000
amazon,S1,1.0,0.4,IPW-assign,2.0033455122970305,-1.2045894050423276,0.1273010323973303,1.2112973159343063,1000
amazon,S1,1.0,0.4,IPW-alloc,2.0033455122970305,-0.10411171277689624,1.5280445930611417,1.5315872574296017,1000
amazon,S1,1.0,0.5,EARL,2.0033455122970305,-0.0014049502493804766,0.18637426656727765,0.18637956197956337,1000
amazon,S1,1.0,0.5,EARL-centred,2.0033455122970305,-0.013329274975944827,0.6670696940318134,0.6672028524122791,1000
amazon,S1,1.0,0.5,ERL-drop,2.0033455122970305,-1.0023752312732055,0.09318713328363883,1.0066975444887283,1000
amazon,S1,1.0,0.5,IPW-assign,2.0033455122970305,-1.054008375152796,1.4612778954089205,1.8017399208828562,1000
amazon,S1,1.0,0.5,IPW-alloc,2.0033455122970305,-0.06280125010785698,1.9526747084671618,1.9536843435167375,1000
amazon,S1,1.0,0.6,EARL,2.0033455122970305,-0.016254991116396944,0.16966279012423582,0.17043968754059202,1000
amazon,S1,1.0,0.6,EARL-centred,2.0033455122970305,-0.014655988050496838,0.6530732046018026,0.6532376355925953,1000
amazon,S1,1.0,0.6,ERL-drop,2.0033455122970305,-0.8110911995886505,0.10179767407454157,0.8174544027021585,1000
amazon,S1,1.0,0.6,IPW-assign,2.0033455122970305,-0.8215031068234226,0.2266285391888799,0.8521900312110096,1000
amazon,S1,1.0,0.6,IPW-alloc,2.0033455122970305,-0.19123710733033938,1.441204965649707,1.4538374683001702,1000
amazon,S1,1.0,0.7,EARL,2.0033455122970305,0.010849293702671847,0.16003506302131756,0.16040239577414023,1000
amazon,S1,1.0,0.7,EARL-centred,2.0033455122970305,0.032535726679370214,0.7025495480211265,0.7033025244766605,1000
amazon,S1,1.0,0.7,ERL-drop,2.0033455122970305,-0.593409148097239,0.11202454411492228,0.6038906486522598,1000
amazon,S1,1.0,0.7,IPW-assign,2.0033455122970305,-0.4846141313855592,3.907492452000143,3.937429125555998,1000
amazon,S1,1.0,0.7,IPW-alloc,2.0033455122970305,-0.027032402920782905,1.1642444931236247,1.1645582813137165,1000
amazon,S1,1.0,0.8,EARL,2.0033455122970305,-0.00083901339884207,0.15474648298199092,0.1547487574708729,1000
amazon,S1,1.0,0.8,EARL-centred,2.0033455122970305,0.025672290096647288,0.7903702441539395,0.7907870695217293,1000
amazon,S1,1.0,0.8,ERL-drop,2.0033455122970305,-0.40134031317847985,0.12379718638559277,0.41999975040372284,1000
amazon,S1,1.0,0.8,IPW-assign,2.0033455122970305,-0.39105796127940495,1.420537529642442,1.4733815535029127,1000
amazon,S1,1.0,0.8,IPW-alloc,2.0033455122970305,-0.07881957081408575,0.6010598274924407,0.6062057744434304,1000
amazon,S1,1.0,0.9,EARL,2.0033455122970305,-0.004019842988284061,0.15132597113392124,0.15137935353698279,1000
amazon,S1,1.0,0.9,EARL-centred,2.0033455122970305,0.037043164047037,1.0893542074831455,1.0899838463774807,1000
amazon,S1,1.0,0.9,ERL-drop,2.0033455122970305,-0.20395240991915875,0.13619337402052914,0.24524522551708997,1000
amazon,S1,1.0,0.9,IPW-assign,2.0033455122970305,-0.2158478621805917,0.4871678915001045,0.5328441180275797,1000
amazon,S1,1.0,0.9,IPW-alloc,2.0033455122970305,-0.060809352730867516,0.4848517331036762,0.48865016164244285,1000
amazon,S1,1.0,1.0,EARL,2.0033455122970305,0.0041134930073942755,0.1448209327760048,0.14487934081446527,1000
amazon,S1,1.0,1.0,EARL-centred,2.0033455122970305,0.0041134930073942755,0.1448209327760048,0.14487934081446527,1000
amazon,S1,1.0,1.0,ERL-drop,2.0033455122970305,0.0041134930073942755,0.1448209327760048,0.14487934081446527,1000
amazon,S1,1.0,1.0,IPW-assign,2.0033455122970305,-0.016342675075500246,1.0668581481645727,1.0669833135217086,1000
amazon,S1,1.0,1.0,IPW-alloc,2.0033455122970305,-0.016342675075500246,1.0668581481645723,1.0669833135217082,1000
amazon,S2,0.0,0.1,EARL,0.019362596446363043,0.0008709185453558074,1.0088900237995495,1.0088903997072072,1000
amazon,S2,0.0,0.1,EARL-centred,0.019362596446363043,0.11445039543339922,2.171893326599188,2.174906783092312,1000
amazon,S2,0.0,0.1,ERL-drop,0.019362596446363043,-0.01733924494719116,0.10088900237995496,0.10236816016985581,1000
amazon,S2,0.0,0.1,IPW-assign,0.019362596446363043,-0.016740781663455523,0.1037192181840767,0.10506155334573916,1000
amazon,S2,0.0,0.1,IPW-alloc,0.019362596446363043,-0.2924370131913632,6.341510496250727,6.348249741522653,1000
amazon,S2,0.0,0.2,EARL,0.019362596446363043,-0.04782778403050625,0.7039157727973576,0.7055387389209539,1000
amazon,S2,0.0,0.2,EARL-centred,0.019362596446363043,-0.03820856214282703,1.6398142676682932,1.6402593473806277,1000
amazon,S2,0.0,0.2,ERL-drop,0.019362596446363043,-0.025055633963191676,0.14078315455947155,0.1429953894397071,1000
amazon,S2,0.0,0.2,IPW-assign,0.019362596446363043,-0.0272893100844767,0.15273894177591535,0.15515763203823774,1000
amazon,S2,0.0,0.2,IPW-alloc,0.019362596446363043,0.2575847054609217,8.134970202447242,8.139047246157988,1000
amazon,S2,0.0,0.3,EARL,0.019362596446363043,-0.026118548249322263,0.6123915730372964,0.612948299034875,1000
amazon,S2,0.0,0.3,EARL-centred,0.019362596446363043,-0.012650713867707396,1.4397964476769403,1.439852024099872,1000
amazon,S2,0.0,0.3,ERL-drop,0.019362596446363043,-0.021389381987250808,0.1837174719111889,0.18495841464295432,1000
amazon,S2,0.0,0.3,IPW-assign,0.019362596446363043,-0.027788877276568417,0.35499483860351183,0.35608082949721626,1000
amazon,S2,0.0,0.3,IPW-alloc,0.019362596446363043,-0.1965126540786122,3.727061700738802,3.7322387576797698,1000
amazon,S2,0.0,0.4,EARL,0.019362596446363043,-0.01870334494629267,0.5038512759432783,0.5041982976784527,1000
amazon,S2,0.0,0.4,EARL-centred,0.019362596446363043,0.057262854032440705,1.2639038372764653,1.2652003573877595,1000
amazon,S2,0.0,0.4,ERL-drop,0.019362596446363043,-0.019098895846334885,0.20154051037731127,0.20244343690447528,1000
amazon,S2,0.0,0.4,IPW-assign,0.019362596446363043,-0.005924666350839413,0.7865142675632197,0.7865365819539971,1000
amazon,S2,0.0,0.4,IPW-alloc,0.019362596446363043,-0.16574152259941743,3.199865439825906,3.2041549721113385,1000
amazon,S2,0.0,0.5,EARL,0.019362596446363043,0.011499116652062418,0.47737969909225825,0.4775181743025,1000
amazon,S2,0.0,0.5,EARL-centred,0.019362596446363043,-0.02367320091929212,1.2958716780842596,1.296087893046872,1000
amazon,S2,0.0,0.5,ERL-drop,0.019362596446363043,-0.0039317398971503124,0.23868984954612912,0.2387222294948097,1000
amazon,S2,0.0,0.5,IPW-assign,0.019362596446363043,9.0967940779077e-05,0.3486180793881669,0.3486180912566938,1000
amazon,S2,0.0,0.5,IPW-alloc,0.019362596446363043,-0.21433944993879694,5.031817887822243,5.036380908550103,1000
amazon,S2,0.0,0.6,EARL,0.019362596446363043,-0.02249724928036073,0.42296732807730725,0.42356520967383426,1000
amazon,S2,0.0,0.6,EARL-centred,0.019362596446363043,-0.04530002378958819,1.3380911454679856,1.3388577242318032,1000
amazon,S2,0.0,0.6,ERL-drop,0.019362596446363043,-0.021243388146761646,0.25378039684638437,0.25466796297033967,1000
amazon,S2,0.0,0.6,IPW-assign,0.019362596446363043,-0.024733302471415267,0.5513185091068696,0.5518730241051505,1000
amazon,S2,0.0,0.6,IPW-alloc,0.019362596446363043,-0.037114662194652204,1.1850087736660815,1.1855898497437525,1000
amazon,S2,0.0,0.7,EARL,0.019362596446363043,-0.0012012706955219603,0.38588746837779586,0.3858893381557831,1000
amazon,S2,0.0,0.7,EARL-centred,0.019362596446363043,0.021152178730574556,1.5029357134340273,1.5030845529711556,1000
amazon,S2,0.0,0.7,ERL-drop,0.019362596446363043,-0.006649668420774288,0.2701212278644571,0.2702030640705397,1000
amazon,S2,0.0,0.7,IPW-assign,0.019362596446363043,-0.020820313126966496,0.46627506149353276,0.46673966877639905,1000
amazon,S2,0.0,0.7,IPW-alloc,0.019362596446363043,-0.013680656644168152,1.7407316979314782,1.740785456209243,1000
amazon,S2,0.0,0.8,EARL,0.019362596446363043,-0.009371698534852752,0.35788725943398353,0.35800994287672455,1000
amazon,S2,0.0,0.8,EARL-centred,0.019362596446363043,0.06576822966170186,1.7009633917766327,1.7022343904988821,1000
amazon,S2,0.0,0.8,ERL-drop,0.019362596446363043,-0.011369878117154786,0.28630980754718677,0.28653547777911564,1000
amazon,S2,0.0,0.8,IPW-assign,0.019362596446363043,-0.011689216151035065,0.5261067657782883,0.5262366072138238,1000
amazon,S2,0.0,0.8,IPW-alloc,0.019362596446363043,-0.07840911236366703,1.7896896898234553,1.791406479490915,1000
amazon,S2,0.0,0.9,EARL,0.019362596446363043,-0.009411552759366684,0.3418230615187777,0.3419526030189161,1000
amazon,S2,0.0,0.9,EARL-centred,0.019362596446363043,-0.018008355026301444,2.282152909032949,2.282223959443574,1000
amazon,S2,0.0,0.9,ERL-drop,0.019362596446363043,-0.010406657128066318,0.30764075536689994,0.3078167196162319,1000
amazon,S2,0.0,0.9,IPW-assign,0.019362596446363043,-0.014013672084672253,0.48745514832920495,0.4876565437251344,1000
amazon,S2,0.0,0.9,IPW-alloc,0.019362596446363043,-0.005833496884971678,0.8012181955677063,0.8012394315026429,1000
amazon,S2,0.0,1.0,EARL,0.019362596446363043,2.7723866190917934e-05,0.3199706125435508,0.31997061374461855,1000
amazon,S2,0.0,1.0,EARL-centred,0.019362596446363043,2.7723866190917934e-05,0.3199706125435508,0.31997061374461855,1000
amazon,S2,0.0,1.0,ERL-drop,0.019362596446363043,2.7723866190917934e-05,0.3199706125435508,0.31997061374461855,1000
amazon,S2,0.0,1.0,IPW-assign,0.019362596446363043,-0.030295284664763177,1.017450977049181,1.0179019083247915,1000
amazon,S2,0.0,1.0,IPW-alloc,0.019362596446363043,-0.030295284664763146,1.0174509770491806,1.017901908324791,1000
amazon,S2,1.0,0.1,EARL,0.01379923518742387,0.0468444323155666,1.3124480071962783,1.3132837364531893,1000
amazon,S2,1.0,0.1,EARL-centred,0.01379923518742387,0.11160605415393204,2.7719820623882296,2.7742279043953677,1000
amazon,S2,1.0,0.1,ERL-drop,0.01379923518742387,-0.007734868437124819,0.13124480071962782,0.13147252909134458,1000
amazon,S2,1.0,0.1,IPW-assign,0.01379923518742387,-0.008006971753599868,0.13419921356917006,0.13443786862058868,1000
amazon,S2,1.0,0.1,IPW-alloc,0.01379923518742387,-0.23807491002640624,13.622260084777517,13.624340331924584,1000
amazon,S2,1.0,0.2,EARL,0.01379923518742387,0.01615134442453997,0.8708044509533754,0.8709542225208681,1000
amazon,S2,1.0,0.2,EARL-centred,0.01379923518742387,0.013461997259377642,2.073238467325361,2.0732821727318798,1000
amazon,S2,1.0,0.2,ERL-drop,0.01379923518742387,-0.0078091192650311045,0.17416089019067504,0.17433587701819683,1000
amazon,S2,1.0,0.2,IPW-assign,0.01379923518742387,-0.0055148479667095525,0.21040034980271158,0.21047261281506274,1000
amazon,S2,1.0,0.2,IPW-alloc,0.01379923518742387,0.12914310018214528,10.215776320388859,10.216592571329366,1000
amazon,S2,1.0,0.3,EARL,0.01379923518742387,0.0065135702160741635,0.7127752777666072,0.7128050386972751,1000
amazon,S2,1.0,0.3,EARL-centred,0.01379923518742387,0.06178204019779832,1.7678537055687573,1.7689329395949946,1000
amazon,S2,1.0,0.3,ERL-drop,0.01379923518742387,-0.007705393566374466,0.21383258332998217,0.2139713690744313,1000
amazon,S2,1.0,0.3,IPW-assign,0.01379923518742387,-0.008376158388951307,0.29006606353037884,0.2901869763469177,1000
amazon,S2,1.0,0.3,IPW-alloc,0.01379923518742387,-1.7125613306541116,46.043906322586395,46.075743898003026,1000
amazon,S2,1.0,0.4,EARL,0.01379923518742387,-0.008174800774430951,0.6160750419139011,0.6161292759128693,1000
amazon,S2,1.0,0.4,EARL-centred,0.01379923518742387,-0.04130430010003332,1.5725240269377638,1.57306638782453,1000
amazon,S2,1.0,0.4,ERL-drop,0.01379923518742387,-0.011549461422226695,0.24643001676556045,0.2467005132183918,1000
amazon,S2,1.0,0.4,IPW-assign,0.01379923518742387,0.12821928294780546,4.773087085847841,4.774808950482425,1000
amazon,S2,1.0,0.4,IPW-alloc,0.01379923518742387,-0.3047767511442364,11.028307073798073,11.032517653827826,1000
amazon,S2,1.0,0.5,EARL,0.01379923518742387,-0.03362966729895887,0.5347059116812113,0.5357624161038864,1000
amazon,S2,1.0,0.5,EARL-centred,0.01379923518742387,-0.01325340950871325,1.5364233357352117,1.5364804975837867,1000
amazon,S2,1.0,0.5,ERL-drop,0.01379923518742387,-0.023714451243191367,0.26735295584060564,0.26840264192901403,1000
amazon,S2,1.0,0.5,IPW-assign,0.01379923518742387,-0.027540359167436464,0.32490516257251906,0.32607029311077457,1000
amazon,S2,1.0,0.5,IPW-alloc,0.01379923518742387,-0.12470309055687688,2.021212672264653,2.0250559318985877,1000
amazon,S2,1.0,0.6,EARL,0.01379923518742387,-0.004172712504757228,0.465767758380063,0.4657864492189915,1000
amazon,S2,1.0,0.6,EARL-centred,0.01379923518742387,-0.0024732997313931353,1.4971360577467128,1.4971381007164737,1000
amazon,S2,1.0,0.6,ERL-drop,0.01379923518742387,-0.00802332157782389,0.2794606550280378,0.2795758061739984,1000
amazon,S2,1.0,0.6,IPW-assign,0.01379923518742387,-0.013735136052748205,0.39832927114601985,0.3985660073489797,1000
amazon,S2,1.0,0.6,IPW-alloc,0.01379923518742387,-0.04676006580191352,1.8979084792668808,1.8984844216971923,1000
amazon,S2,1.0,0.7,EARL,0.01379923518742387,-0.010934049242753166,0.4085864011985259,0.4087326763022572,1000
amazon,S2,1.0,0.7,EARL-centred,0.01379923518742387,-0.06908494207059729,1.6523031785965185,1.6537468135180355,1000
amazon,S2,1.0,0.7,ERL-drop,0.01379923518742387,-0.011793605026154376,0.28601048083896813,0.28625353145289,1000
amazon,S2,1.0,0.7,IPW-assign,0.01379923518742387,-0.013725506061048358,0.7314771045408759,0.7316058665594033,1000
amazon,S2,1.0,0.7,IPW-alloc,0.01379923518742387,-0.26459282550109964,8.162274373226248,8.166561841260531,1000
amazon,S2,1.0,0.8,EARL,0.01379923518742387,-0.006074503783426779,0.39543875858843924,0.39548541236078577,1000
amazon,S2,1.0,0.8,EARL-centred,0.01379923518742387,-0.032517401735013184,1.83100205401681,1.8312907751718113,1000
amazon,S2,1.0,0.8,ERL-drop,0.01379923518742387,-0.007619450064226189,0.31635100687075135,0.3164427524330734,1000
amazon,S2,1.0,0.8,IPW-assign,0.01379923518742387,0.017225452900638122,0.6467990062864152,0.6470283384525953,1000
amazon,S2,1.0,0.8,IPW-alloc,0.01379923518742387,0.08838623209467647,1.2942319656079557,1.2972465096601058,1000
amazon,S2,1.0,0.9,EARL,0.01379923518742387,-0.006395541485950857,0.37418752758188006,0.37424217927531733,1000
amazon,S2,1.0,0.9,EARL-centred,0.01379923518742387,0.08510002937949128,2.3302111909046888,2.3317646127381377,1000
amazon,S2,1.0,0.9,ERL-drop,0.01379923518742387,-0.007135910856098139,0.33676877482369205,0.3368443689895926,1000
amazon,S2,1.0,0.9,IPW-assign,0.01379923518742387,-0.012952727274959955,0.7012053478926091,0.7013249696517688,1000
amazon,S2,1.0,0.9,IPW-alloc,0.01379923518742387,-0.0011662774763018125,1.0159464921121701,1.0159471615385198,1000
amazon,S2,1.0,1.0,EARL,0.01379923518742387,0.0033410426122032506,0.3285296125012531,0.3285466007371863,1000
amazon,S2,1.0,1.0,EARL-centred,0.01379923518742387,0.0033410426122032506,0.3285296125012531,0.3285466007371863,1000
amazon,S2,1.0,1.0,ERL-drop,0.01379923518742387,0.0033410426122032506,0.3285296125012531,0.3285466007371863,1000
amazon,S2,1.0,1.0,IPW-assign,0.01379923518742387,0.03679866935090846,0.9063795802666927,0.9071262787453706,1000
amazon,S2,1.0,1.0,IPW-alloc,0.01379923518742387,0.036798669350908426,0.9063795802666924,0.9071262787453701,1000
amazon,S3,1.0,0.1,EARL,0.0,-2.177463712375176,0.3391601464992339,2.203719089104613,1000
amazon,S3,1.0,0.1,EARL-centred,0.0,-1.9318287597713013,1.0509848752005029,2.1992115780387618,1000
amazon,S3,1.0,0.1,ERL-drop,0.0,-0.21774637123751764,0.033916014649923394,0.22037190891046132,1000
amazon,S3,1.0,0.1,IPW-assign,0.0,-0.2170702507479735,0.03633481577515273,0.220090237396397,1000
amazon,S3,1.0,0.1,IPW-alloc,0.0,-0.007479836899075785,1.5316971038667593,1.5317153671468648,1000
amazon,S3,1.0,0.2,EARL,0.0,-1.9431480910775603,0.23021710709365703,1.9567382094334793,1000
amazon,S3,1.0,0.2,EARL-centred,0.0,-1.493932595369652,0.7663933185672311,1.6790453592003993,1000
amazon,S3,1.0,0.2,ERL-drop,0.0,-0.38862961821551206,0.04604342141873139,0.3913476418866959,1000
amazon,S3,1.0,0.2,IPW-assign,0.0,-0.3881127404532144,0.05525904520952646,0.39202686308411655,1000
amazon,S3,1.0,0.2,IPW-alloc,0.0,0.02153555714761893,0.9877338534883162,0.9879685954262599,1000
amazon,S3,1.0,0.3,EARL,0.0,-1.6987459680752157,0.18599218269996579,1.7088975850171066,1000
amazon,S3,1.0,0.3,EARL-centred,0.0,-0.9457852371926885,0.6220934083231476,1.1320379514710364,1000
amazon,S3,1.0,0.3,ERL-drop,0.0,-0.5096237904225648,0.055797654809989716,0.512669275505132,1000
amazon,S3,1.0,0.3,IPW-assign,0.0,-0.5134562217128524,0.1960258137762035,0.5496029578543593,1000
amazon,S3,1.0,0.3,IPW-alloc,0.0,0.049736416596847494,0.7649356345057547,0.7665508698531472,1000
amazon,S3,1.0,0.4,EARL,0.0,-1.4493119036672866,0.15913625883039195,1.4580224082592927,1000
amazon,S3,1.0,0.4,EARL-centred,0.0,-0.47374231820952967,0.5643159637984324,0.7368068207205284,1000
amazon,S3,1.0,0.4,ERL-drop,0.0,-0.5797247614669147,0.06365450353215679,0.5832089633037171,1000
amazon,S3,1.0,0.4,IPW-assign,0.0,-0.5790613414945913,0.1210120979401568,0.5915707608235838,1000
amazon,S3,1.0,0.4,IPW-alloc,0.0,0.04713900957212237,1.009868765473506,1.0109683524732234,1000
amazon,S3,1.0,0.5,EARL,0.0,-1.2149028067577776,0.1415428628867545,1.2231202769564833,1000
amazon,S3,1.0,0.5,EARL-centred,0.0,-0.0022596521995783326,0.5633855288227686,0.5633900603622447,1000
amazon,S3,1.0,0.5,ERL-drop,0.0,-0.6074514033788888,0.07077143144337725,0.6115601384782416,1000
amazon,S3,1.0,0.5,IPW-assign,0.0,-0.6096424852419916,0.15614623228640545,0.629321543941785,1000
amazon,S3,1.0,0.5,IPW-alloc,0.0,-0.023034916595196613,0.9386323488016848,0.9389149554669557,1000
amazon,S3,1.0,0.6,EARL,0.0,-0.9684141716308298,0.13045049017066845,0.9771608558477943,1000
amazon,S3,1.0,0.6,EARL-centred,0.0,0.46083789501189987,0.550454362589235,0.7178938436652872,1000
amazon,S3,1.0,0.6,ERL-drop,0.0,-0.5810485029784977,0.07827029410240108,0.5862965135086765,1000
amazon,S3,1.0,0.6,IPW-assign,0.0,-0.5830027252764555,0.22548136907616506,0.6250872142991216,1000
amazon,S3,1.0,0.6,IPW-alloc,0.0,0.0027947085545881514,0.3902502356580082,0.3902602424370641,1000
amazon,S3,1.0,0.7,EARL,0.0,-0.7326310428252396,0.1244455801875039,0.7431251222636754,1000
amazon,S3,1.0,0.7,EARL-centred,0.0,0.9487585731767045,0.5630541185861293,1.103255532790613,1000
amazon,S3,1.0,0.7,ERL-drop,0.0,-0.5128417299776676,0.08711190613125275,0.5201875855845727,1000
amazon,S3,1.0,0.7,IPW-assign,0.0,-0.4801308229468918,0.9595115927825251,1.0729343427385096,1000
amazon,S3,1.0,0.7,IPW-alloc,0.0,-0.013490453773370048,0.5447873652670548,0.5449543702895049,1000
amazon,S3,1.0,0.8,EARL,0.0,-0.4883872703275855,0.11688992693351916,0.5021806257080748,1000
amazon,S3,1.0,0.8,EARL-centred,0.0,1.47678112479639,0.6666331890883417,1.6202722917303078,1000
amazon,S3,1.0,0.8,ERL-drop,0.0,-0.39070981626206847,0.09351194154681532,0.40174450056645994,1000
amazon,S3,1.0,0.8,IPW-assign,0.0,-0.38896767708258134,0.1890343116999773,0.43246944957407507,1000
amazon,S3,1.0,0.8,IPW-alloc,0.0,-0.011802858048653202,0.32526247406263,0.3254765498334092,1000
amazon,S3,1.0,0.9,EARL,0.0,-0.24253520346546667,0.11224317073855312,0.2672486750153858,1000
amazon,S3,1.0,0.9,EARL-centred,0.0,1.9594573760048608,0.8570908129522494,2.138709393542517,1000
amazon,S3,1.0,0.9,ERL-drop,0.0,-0.21828168311892,0.10101885366469782,0.24052380751384722,1000
amazon,S3,1.0,0.9,IPW-assign,0.0,-0.20650227177493843,0.20672179002612537,0.2921935774787256,1000
amazon,S3,1.0,0.9,IPW-alloc,0.0,0.01420407898538583,0.22329297509937002,0.22374429286252412,1000
amazon,S3,1.0,1.0,EARL,0.0,-0.00391434712858609,0.10794384030249742,0.10801478960167508,1000
amazon,S3,1.0,1.0,EARL-centred,0.0,-0.00391434712858609,0.10794384030249742,0.10801478960167508,1000
amazon,S3,1.0,1.0,ERL-drop,0.0,-0.00391434712858609,0.10794384030249742,0.10801478960167508,1000
amazon,S3,1.0,1.0,IPW-assign,0.0,-0.00015097943434472683,0.22506352231687807,0.22506357295766338,1000
amazon,S3,1.0,1.0,IPW-alloc,0.0,-0.00015097943434473393,0.22506352231687798,0.2250635729576633,1000
movielens,S1,0.0,0.1,EARL,1.9874455838695344,0.358792067408092,25.834068318428024,25.83655970962159,1000
movielens,S1,0.0,0.1,EARL-centred,1.9874455838695344,-8.479757156432813,197.51893122300982,197.7008711991734,1000
movielens,S1,0.0,0.1,ERL-drop,1.9874455838695344,-1.7528218187417717,2.583406831842802,3.1219185106388148,1000
movielens,S1,0.0,0.1,IPW-assign,1.9874455838695344,-1.6525313856304567,4.9710813567668115,5.238559900973575,1000
movielens,S1,0.0,0.1,IPW-alloc,1.9874455838695344,-1.9874455838695344,0.0,1.9874455838695344,1000
movielens,S1,0.0,0.2,EARL,1.9874455838695344,-0.18285932070113686,16.19460169172551,16.195634025403454,1000
movielens,S1,0.0,0.2,EARL-centred,1.9874455838695344,1.3623541073706569,137.53985292458188,137.5465999260959,1000
movielens,S1,0.0,0.2,ERL-drop,1.9874455838695344,-1.6265283312358547,3.2389203383451015,3.6243895169336366,1000
movielens,S1,0.0,0.2,IPW-assign,1.9874455838695344,-1.8035620787526225,1.729382983534766,2.4987200074546347,1000
movielens,S1,0.0,0.2,IPW-alloc,1.9874455838695344,-1.9874455838695344,0.0,1.9874455838695344,1000
movielens,S1,0.0,0.3,EARL,1.9874455838695344,-0.20725623029539553,11.71815599838351,11.719988700824233,1000
movielens,S1,0.0,0.3,EARL-centred,1.9874455838695344,-1.2835000853956213,109.19016790621552,109.19771123909489,1000
movielens,S1,0.0,0.3,ERL-drop,1.9874455838695344,-1.4533887777972927,3.515446799515053,3.8040380044957143,1000
movielens,S1,0.0,0.3,IPW-assign,1.9874455838695344,-1.585202795566888,3.02585431830146,3.4159423675841882,1000
movielens,S1,0.0,0.3,IPW-alloc,1.9874455838695344,-1.9874455838695344,0.0,1.9874455838695344,1000
movielens,S1,0.0,0.4,EARL,1.9874455838695344,0.07233471237411293,8.958992978838733,8.959284988518668,1000
movielens,S1,0.0,0.4,EARL-centred,1.9874455838695344,3.136707961873456,90.33212536325584,90.38656874492499,1000
movielens,S1,0.0,0.4,ERL-drop,1.9874455838695344,-1.1635334653720752,3.5835971915354934,3.76775516139542,1000
movielens,S1,0.0,0.4,IPW-assign,1.9874455838695344,-1.3431584154943121,9.580676898000618,9.67437048871894,1000
movielens,S1,0.0,0.4,IPW-alloc,1.9874455838695344,-1.9874455838695344,0.0,1.9874455838695344,1000
movielens,S1,0.0,0.5,EARL,1.9874455838695344,-0.10505879347692604,7.128952126481062,7.129726205945477,1000
movielens,S1,0.0,0.5,EARL-centred,1.9874455838695344,3.279151287056255,86.30764112270542,86.36991229200777,1000
movielens,S1,0.0,0.5,ERL-drop,1.9874455838695344,-1.0462521886732303,3.564476063240531,3.7148530586980475,1000
movielens,S1,0.0,0.5,IPW-assign,1.9874455838695344,-1.91440226997282,6.455271417000893,6.733161599013187,1000
movielens,S1,0.0,0.5,IPW-alloc,1.9874455838695344,-1.9874455838695344,0.0,1.9874455838695344,1000
movielens,S1,0.0,0.6,EARL,1.9874455838695344,0.043826520266665225,5.341949124994326,5.342128903153341,1000
movielens,S1,0.0,0.6,EARL-centred,1.9874455838695344,-0.009916423449885858,69.93631816746529,69.93631887050097,1000
movielens,S1,0.0,0.6,ERL-drop,1.9874455838695344,-0.7686823213878151,3.205169474996595,3.296055805756952,1000
movielens,S1,0.0,0.6,IPW-assign,1.9874455838695344,-1.5758215969057696,6.950153360066699,7.1265591580875185,1000
movielens,S1,0.0,0.6,IPW-alloc,1.9874455838695344,-1.9874455838695344,0.0,1.9874455838695344,1000
movielens,S1,0.0,0.7,EARL,1.9874455838695344,-0.042588518842714196,3.9838554970741678,3.9840831321027026,1000
movielens,S1,0.0,0.7,EARL-centred,1.9874455838695344,1.0539075908014286,64.73575119942964,64.74432951667973,1000
movielens,S1,0.0,0.7,ERL-drop,1.9874455838695344,-0.62604563835076,2.7886988479519177,2.858106786994909,1000
movielens,S1,0.0,0.7,IPW-assign,1.9874455838695344,-1.663077203763486,9.50227622602291,9.64671339168517,1000
movielens,S1,0.0,0.7,IPW-alloc,1.9874455838695344,-1.9874455838695344,0.0,1.9874455838695344,1000
movielens,S1,0.0,0.8,EARL,1.9874455838695344,-0.07746544990182325,2.800441275599331,2.801512490425288,1000
movielens,S1,0.0,0.8,EARL-centred,1.9874455838695344,1.96289845995541,55.32959079980589,55.36439820352119,1000
movielens,S1,0.0,0.8,ERL-drop,1.9874455838695344,-0.4594614766953653,2.240353020479465,2.286981964279244,1000
movielens,S1,0.0,0.8,IPW-assign,1.9874455838695344,-1.8336649511282932,2.8554137087259965,3.3934811920764605,1000
movielens,S1,0.0,0.8,IPW-alloc,1.9874455838695344,-1.9874455838695344,0.0,1.9874455838695344,1000
movielens,S1,0.0,0.9,EARL,1.9874455838695344,0.06785668091600638,1.8291615453390657,1.8304197573486076,1000
movielens,S1,0.0,0.9,EARL-centred,1.9874455838695344,-3.3475587830661198,64.57658752128994,64.66329566068298,1000
movielens,S1,0.0,0.9,ERL-drop,1.9874455838695344,-0.13767354556254752,1.646245390805159,1.6519920980122738,1000
movielens,S1,0.0,0.9,IPW-assign,1.9874455838695344,-1.9805331647256257,0.21848056408444094,1.9925474582706326,1000
movielens,S1,0.0,0.9,IPW-alloc,1.9874455838695344,-1.9874455838695344,0.0,1.9874455838695344,1000
movielens,S1,0.0,1.0,EARL,1.9874455838695344,0.027392306577638026,1.0620754512865196,1.0624286341609526,1000
movielens,S1,0.0,1.0,EARL-centred,1.9874455838695344,0.027392306577638026,1.0620754512865196,1.0624286341609526,1000
movielens,S1,0.0,1.0,ERL-drop,1.9874455838695344,0.027392306577638026,1.0620754512865196,1.0624286341609526,1000
movielens,S1,0.0,1.0,IPW-assign,1.9874455838695344,-1.9874455838695344,0.0,1.9874455838695344,1000
movielens,S1,0.0,1.0,IPW-alloc,1.9874455838695344,-1.9874455838695344,0.0,1.9874455838695344,1000
movielens,S1,1.0,0.1,EARL,2.0331800876315245,-0.026068640553628786,1.9610974757292525,1.9612707317787519,1000
movielens,S1,1.0,0.1,EARL-centred,2.0331800876315245,-1.2519972180031953,30.607885513980744,30.633480910122508,1000
movielens,S1,1.0,0.1,ERL-drop,2.0331800876315245,-1.8324689429237349,0.1961097475729252,1.842932841932431,1000
movielens,S1,1.0,0.1,IPW-assign,2.0331800876315245,-1.8940087051688146,0.7936918438062792,2.0535860630077964,1000
movielens,S1,1.0,0.1,IPW-alloc,2.0331800876315245,-2.0331800876315245,0.0,2.0331800876315245,1000
movielens,S1,1.0,0.2,EARL,2.0331800876315245,-0.033721336591242546,1.4373375643035877,1.4377330775563557,1000
movielens,S1,1.0,0.2,EARL-centred,2.0331800876315245,0.4230373948030257,22.748177065820805,22.752110241806964,1000
movielens,S1,1.0,0.2,ERL-drop,2.0331800876315245,-1.6332883374234681,0.2874675128607175,1.6583933080285398,1000
movielens,S1,1.0,0.2,IPW-assign,2.0331800876315245,-1.9190315931106379,2.014137295285153,2.7819833392052056,1000
movielens,S1,1.0,0.2,IPW-alloc,2.0331800876315245,-2.0331800876315245,0.0,2.0331800876315245,1000
movielens,S1,1.0,0.3,EARL,2.0331800876315245,-0.02541369451747366,1.1994026375475635,1.1996718479755535,1000
movielens,S1,1.0,0.3,EARL-centred,2.0331800876315245,-0.7183140865057933,20.525524599426024,20.53808986270426,1000
movielens,S1,1.0,0.3,ERL-drop,2.0331800876315245,-1.4308501696973093,0.3598207912642691,1.4753993391447835,1000
movielens,S1,1.0,0.3,IPW-assign,2.0331800876315245,-1.840429009384685,1.343698285366697,2.2787505393706646,1000
movielens,S1,1.0,0.3,IPW-alloc,2.0331800876315245,-2.0331800876315245,0.0,2.0331800876315245,1000
movielens,S1,1.0,0.4,EARL,2.0331800876315245,-0.006249372985892343,1.0897342032699882,1.0897521224751952,1000
movielens,S1,1.0,0.4,EARL-centred,2.0331800876315245,0.43896444882652697,20.75382676139215,20.758468513578034,1000
movielens,S1,1.0,0.4,ERL-drop,2.0331800876315245,-1.2224078017732716,0.4358936813079953,1.2977997284790894,1000
movielens,S1,1.0,0.4,IPW-assign,2.0331800876315245,-1.8072879678608085,1.6177058711180774,2.4255436677628275,1000
movielens,S1,1.0,0.4,IPW-alloc,2.0331800876315245,-2.0331800876315245,0.0,2.0331800876315245,1000
movielens,S1,1.0,0.5,EARL,2.0331800876315245,-0.0018607307212774593,1.0722192774731492,1.072220892029184,1000
movielens,S1,1.0,0.5,EARL-centred,2.0331800876315245,1.051503384558825,22.0770970520214,22.102123735336175,1000
movielens,S1,1.0,0.5,ERL-drop,2.0331800876315245,-1.017520409176401,0.5361096387365746,1.1501136151862437,1000
movielens,S1,1.0,0.5,IPW-assign,2.0331800876315245,-1.852092164455362,3.931362314452072,4.345785893613594,1000
movielens,S1,1.0,0.5,IPW-alloc,2.0331800876315245,-2.0331800876315245,0.0,2.0331800876315245,1000
movielens,S1,1.0,0.6,EARL,2.0331800876315245,-0.020109504810124967,0.9816063188398773,0.9818122821446487,1000
movielens,S1,1.0,0.6,EARL-centred,2.0331800876315245,0.3470380019269772,22.09311561275142,22.095841075939653,1000
movielens,S1,1.0,0.6,ERL-drop,2.0331800876315245,-0.8253377379386848,0.5889637913039264,1.0139332961949914,1000
movielens,S1,1.0,0.6,IPW-assign,2.0331800876315245,-1.9098774102691234,3.1884459696297673,3.7166946906498253,1000
movielens,S1,1.0,0.6,IPW-alloc,2.0331800876315245,-2.0331800876315245,0.0,2.0331800876315245,1000
movielens,S1,1.0,0.7,EARL,2.0331800876315245,-0.021968545128076222,0.9332562548793717,0.9335147852318757,1000
movielens,S1,1.0,0.7,EARL-centred,2.0331800876315245,-0.1463014054507763,25.2335297727487,25.233953889421134,1000
movielens,S1,1.0,0.7,ERL-drop,2.0331800876315245,-0.6253320078791107,0.6532793784155602,0.9043307284070031,1000
movielens,S1,1.0,0.7,IPW-assign,2.0331800876315245,-1.9932467688970252,0.6714386503638251,2.1032980157174177,1000
movielens,S1,1.0,0.7,IPW-alloc,2.0331800876315245,-2.0331800876315245,0.0,2.0331800876315245,1000
movielens,S1,1.0,0.8,EARL,2.0331800876315245,-0.006199937693363022,0.8892167780054478,0.8892383918352781,1000
movielens,S1,1.0,0.8,EARL-centred,2.0331800876315245,0.6104016060111244,29.03604546294133,29.042460747096083,1000
movielens,S1,1.0,0.8,ERL-drop,2.0331800876315245,-0.41159596768099505,0.7113734224043583,0.8218657960485668,1000
movielens,S1,1.0,0.8,IPW-assign,2.0331800876315245,-1.9846543636544423,1.2381948607638997,2.3392262516470597,1000
movielens,S1,1.0,0.8,IPW-alloc,2.0331800876315245,-2.0331800876315245,0.0,2.0331800876315245,1000
movielens,S1,1.0,0.9,EARL,2.0331800876315245,-0.028197194209471643,0.8676465072782633,0.8681045693656129,1000
movielens,S1,1.0,0.9,EARL-centred,2.0331800876315245,0.8099293752318681,43.9818918206239,43.98934863934595,1000
movielens,S1,1.0,0.9,ERL-drop,2.0331800876315245,-0.22869548355167701,0.780881856550437,0.8136818162442814,1000
movielens,S1,1.0,0.9,IPW-assign,2.0331800876315245,-2.0331800876315245,0.0,2.0331800876315245,1000
movielens,S1,1.0,0.9,IPW-alloc,2.0331800876315245,-2.0331800876315245,0.0,2.0331800876315245,1000
movielens,S1,1.0,1.0,EARL,2.0331800876315245,-0.028645160365222466,0.848834335183691,0.8493175341408465,1000
movielens,S1,1.0,1.0,EARL-centred,2.0331800876315245,-0.028645160365222466,0.848834335183691,0.8493175341408465,1000
movielens,S1,1.0,1.0,ERL-drop,2.0331800876315245,-0.028645160365222466,0.848834335183691,0.8493175341408465,1000
movielens,S1,1.0,1.0,IPW-assign,2.0331800876315245,-2.0331800876315245,0.0,2.0331800876315245,1000
movielens,S1,1.0,1.0,IPW-alloc,2.0331800876315245,-2.0331800876315245,0.0,2.0331800876315245,1000
movielens,S2,0.0,0.1,EARL,0.013733861796414962,2.3787761344558933,52.73109324019619,52.78472099200791,1000
movielens,S2,0.0,0.1,EARL-centred,0.013733861796414962,-0.6944522958787601,425.78322946587656,425.7837957912238,1000
movielens,S2,0.0,0.1,ERL-drop,0.013733861796414962,0.22551713782881555,5.273109324019618,5.277929510946232,1000
movielens,S2,0.0,0.1,IPW-assign,0.013733861796414962,0.48503481610507587,9.107397331209443,9.120303992814875,1000
movielens,S2,0.0,0.1,IPW-alloc,0.013733861796414962,-0.013733861796414962,0.0,0.013733861796414962,1000
movielens,S2,0.0,0.2,EARL,0.013733861796414962,0.6319633811589348,39.91821877262635,39.92322090831832,1000
movielens,S2,0.0,0.2,EARL-centred,0.013733861796414962,2.579660011094736,318.41901856632956,318.42946790540185,1000
movielens,S2,0.0,0.2,ERL-drop,0.013733861796414962,0.11540558679465472,7.983643754525271,7.984477819408968,1000
movielens,S2,0.0,0.2,IPW-assign,0.013733861796414962,0.4440999711865691,16.447421211697343,16.45341573350043,1000
movielens,S2,0.0,0.2,IPW-alloc,0.013733861796414962,-0.013733861796414962,0.0,0.013733861796414962,1000
movielens,S2,0.0,0.3,EARL,0.013733861796414962,0.13926353997023222,32.147945920587475,32.14824756105038,1000
movielens,S2,0.0,0.3,EARL-centred,0.013733861796414962,-18.17431292697963,258.5067629058367,259.1448477558878,1000
movielens,S2,0.0,0.3,ERL-drop,0.013733861796414962,0.03216535873357936,9.644383776176243,9.644437413995385,1000
movielens,S2,0.0,0.3,IPW-assign,0.013733861796414962,-4.664265661609773,167.49096877457998,167.55590110530096,1000
movielens,S2,0.0,0.3,IPW-alloc,0.013733861796414962,-0.013733861796414962,0.0,0.013733861796414962,1000
movielens,S2,0.0,0.4,EARL,0.013733861796414962,-0.7968049474474986,28.211441471447454,28.22269172175436,1000
movielens,S2,0.0,0.4,EARL-centred,0.013733861796414962,3.1348330947116114,284.97533282919227,284.9925744640386,1000
movielens,S2,0.0,0.4,ERL-drop,0.013733861796414962,-0.3269622960568486,11.28457658857898,11.28931234072951,1000
movielens,S2,0.0,0.4,IPW-assign,0.013733861796414962,0.03876947165641213,5.831586869317789,5.831715741214773,1000
movielens,S2,0.0,0.4,IPW-alloc,0.013733861796414962,-0.013733861796414962,0.0,0.013733861796414962,1000
movielens,S2,0.0,0.5,EARL,0.013733861796414962,-0.79069122334566,24.593682827888394,24.606389975968607,1000
movielens,S2,0.0,0.5,EARL-centred,0.013733861796414962,-11.559996879636012,253.29097517534652,253.5546324426655,1000
movielens,S2,0.0,0.5,ERL-drop,0.013733861796414962,-0.40221254257103745,12.296841413944197,12.303417561356461,1000
movielens,S2,0.0,0.5,IPW-assign,0.013733861796414962,-0.26759265014716477,7.344367417749595,7.349240681411559,1000
movielens,S2,0.0,0.5,IPW-alloc,0.013733861796414962,-0.013733861796414962,0.0,0.013733861796414962,1000
movielens,S2,0.0,0.6,EARL,0.013733861796414962,0.8799663557237726,22.365933437269113,22.383237462609344,1000
movielens,S2,0.0,0.6,EARL-centred,0.013733861796414962,7.0315795316228495,281.3500063967769,281.43786029988206,1000
movielens,S2,0.0,0.6,ERL-drop,0.013733861796414962,0.5224862687156976,13.419560062361466,13.429727628225502,1000
movielens,S2,0.0,0.6,IPW-assign,0.013733861796414962,0.205469986972161,9.0350033788954,9.037339429953798,1000
movielens,S2,0.0,0.6,IPW-alloc,0.013733861796414962,-0.013733861796414962,0.0,0.013733861796414962,1000
movielens,S2,0.0,0.7,EARL,0.013733861796414962,-0.7082472661792961,21.994679077565976,22.006079203601193,1000
movielens,S2,0.0,0.7,EARL-centred,0.013733861796414962,-19.366898862638404,282.78444451626126,283.44685362855256,1000
movielens,S2,0.0,0.7,ERL-drop,0.013733861796414962,-0.49989324486443193,15.39627535429618,15.404388596811268,1000
movielens,S2,0.0,0.7,IPW-assign,0.013733861796414962,0.2931482754533648,23.24343881592212,23.245287348211388,1000
movielens,S2,0.0,0.7,IPW-alloc,0.013733861796414962,-0.013733861796414962,0.0,0.013733861796414962,1000
movielens,S2,0.0,0.8,EARL,0.013733861796414962,0.20749724999243607,20.05593877085379,20.05701211768569,1000
movielens,S2,0.0,0.8,EARL-centred,0.013733861796414962,15.604662831910986,325.28938629396544,325.66346177857025,1000
movielens,S2,0.0,0.8,ERL-drop,0.013733861796414962,0.1632510276346658,16.044751016683033,16.04558151284568,1000
movielens,S2,0.0,0.8,IPW-assign,0.013733861796414962,0.2381485022382963,9.20764799231742,9.210727238364264,1000
movielens,S2,0.0,0.8,IPW-alloc,0.013733861796414962,-0.013733861796414962,0.0,0.013733861796414962,1000
movielens,S2,0.0,0.9,EARL,0.013733861796414962,0.3649036374696775,19.28908911532018,19.292540360548738,1000
movielens,S2,0.0,0.9,EARL-centred,0.013733861796414962,15.30882133648236,442.7963899083522,443.060947191898,1000
movielens,S2,0.0,0.9,ERL-drop,0.013733861796414962,0.3270398875430678,17.36018020378816,17.36326040224135,1000
movielens,S2,0.0,0.9,IPW-assign,0.013733861796414962,9.695604867015403,318.49087269572607,318.6384169308881,1000
movielens,S2,0.0,0.9,IPW-alloc,0.013733861796414962,-0.013733861796414962,0.0,0.013733861796414962,1000
movielens,S2,0.0,1.0,EARL,0.013733861796414962,0.05116238578002212,17.128593542396825,17.128669952169574,1000
movielens,S2,0.0,1.0,EARL-centred,0.013733861796414962,0.05116238578002212,17.128593542396825,17.128669952169574,1000
movielens,S2,0.0,1.0,ERL-drop,0.013733861796414962,0.05116238578002212,17.128593542396825,17.128669952169574,1000
movielens,S2,0.0,1.0,IPW-assign,0.013733861796414962,-0.013733861796414962,0.0,0.013733861796414962,1000
movielens,S2,0.0,1.0,IPW-alloc,0.013733861796414962,-0.013733861796414962,0.0,0.013733861796414962,1000
movielens,S2,1.0,0.1,EARL,-0.005267380897374219,-0.6868187026763315,75.9708948781009,75.97399942420962,1000
movielens,S2,1.0,0.1,EARL-centred,-0.005267380897374219,-46.46125075021421,622.1363239465794,623.8687789872463,1000
movielens,S2,1.0,0.1,ERL-drop,-0.005267380897374219,-0.0639412274599963,7.597089487810091,7.597358565077976,1000
movielens,S2,1.0,0.1,IPW-assign,-0.005267380897374219,-1.036245663037373,21.60072583986202,21.625567319333996,1000
movielens,S2,1.0,0.1,IPW-alloc,-0.005267380897374219,0.005267380897374219,0.0,0.005267380897374219,1000
movielens,S2,1.0,0.2,EARL,-0.005267380897374219,0.023987341054123826,53.23490467379817,53.23491007807667,1000
movielens,S2,1.0,0.2,EARL-centred,-0.005267380897374219,-17.069574112340323,447.12626919631043,447.4519761558643,1000
movielens,S2,1.0,0.2,ERL-drop,-0.005267380897374219,0.009011372928723754,10.646980934759634,10.646984748273907,1000
movielens,S2,1.0,0.2,IPW-assign,-0.005267380897374219,-0.8676165435527264,27.55382835405519,27.567484749816806,1000
movielens,S2,1.0,0.2,IPW-alloc,-0.005267380897374219,0.005267380897374219,0.0,0.005267380897374219,1000
movielens,S2,1.0,0.3,EARL,-0.005267380897374219,0.4326321331395911,42.7198489941425,42.72203961241742,1000
movielens,S2,1.0,0.3,EARL-centred,-0.005267380897374219,18.843779463940187,376.2847388360247,376.7562775925319,1000
movielens,S2,1.0,0.3,ERL-drop,-0.005267380897374219,0.13347680657003919,12.81595469824275,12.816649752774808,1000
movielens,S2,1.0,0.3,IPW-assign,-0.005267380897374219,0.7210076424720976,17.18468531194413,17.199804106182473,1000
movielens,S2,1.0,0.3,IPW-alloc,-0.005267380897374219,0.005267380897374219,0.0,0.005267380897374219,1000
movielens,S2,1.0,0.4,EARL,-0.005267380897374219,-0.7494976469018391,33.36975445207542,33.378170394953024,1000
movielens,S2,1.0,0.4,EARL-centred,-0.005267380897374219,21.85595583457086,341.89110870509637,342.588985545424,1000
movielens,S2,1.0,0.4,ERL-drop,-0.005267380897374219,-0.29663863022231135,13.347901780830167,13.351197565298376,1000
movielens,S2,1.0,0.4,IPW-assign,-0.005267380897374219,-0.22009276360911392,5.537519906989888,5.541892054605755,1000
movielens,S2,1.0,0.4,IPW-alloc,-0.005267380897374219,0.005267380897374219,0.0,0.005267380897374219,1000
movielens,S2,1.0,0.5,EARL,-0.005267380897374219,-0.21767369873823963,29.742275462886294,29.743071992471297,1000
movielens,S2,1.0,0.5,EARL-centred,-0.005267380897374219,12.503048027811053,315.99655104522697,316.24380860732197,1000
movielens,S2,1.0,0.5,ERL-drop,-0.005267380897374219,-0.10620315892043271,14.871137731443147,14.871516954854226,1000
movielens,S2,1.0,0.5,IPW-assign,-0.005267380897374219,-0.3528863351444006,5.401139546864292,5.412655279087433,1000
movielens,S2,1.0,0.5,IPW-alloc,-0.005267380897374219,0.005267380897374219,0.0,0.005267380897374219,1000
movielens,S2,1.0,0.6,EARL,-0.005267380897374219,-1.2536579436972635,26.465319321834606,26.494995471720078,1000
movielens,S2,1.0,0.6,EARL-centred,-0.005267380897374219,1.1688270859751093,291.0262263404222,291.02857346780155,1000
movielens,S2,1.0,0.6,ERL-drop,-0.005267380897374219,-0.7500878138594077,15.879191593100764,15.89689772813873,1000
movielens,S2,1.0,0.6,IPW-assign,-0.005267380897374219,-0.1335420445382324,5.425878400935134,5.427521524544501,1000
movielens,S2,1.0,0.6,IPW-alloc,-0.005267380897374219,0.005267380897374219,0.0,0.005267380897374219,1000
movielens,S2,1.0,0.7,EARL,-0.005267380897374219,-0.24771498902738032,22.76951629088864,22.770863726192555,1000
movielens,S2,1.0,0.7,EARL-centred,-0.005267380897374219,-3.118808670857371,317.7419516990926,317.7572577252547,1000
movielens,S2,1.0,0.7,ERL-drop,-0.005267380897374219,-0.1718202780499544,15.938661403622046,15.939587496144943,1000
movielens,S2,1.0,0.7,IPW-assign,-0.005267380897374219,-0.20747854934672574,4.580622404648534,4.585318850680631,1000
movielens,S2,1.0,0.7,IPW-alloc,-0.005267380897374219,0.005267380897374219,0.0,0.005267380897374219,1000
movielens,S2,1.0,0.8,EARL,-0.005267380897374219,-1.1532777654254844,21.208445144295037,21.239778601548476,1000
movielens,S2,1.0,0.8,EARL-centred,-0.005267380897374219,-5.586917934298328,341.82862349826325,341.8742773224128,1000
movielens,S2,1.0,0.8,ERL-drop,-0.005267380897374219,-0.9215687361609135,16.966756115436027,16.991765712137013,1000
movielens,S2,1.0,0.8,IPW-assign,-0.005267380897374219,0.06769857823948322,1.936174641809261,1.937357824739887,1000
movielens,S2,1.0,0.8,IPW-alloc,-0.005267380897374219,0.005267380897374219,0.0,0.005267380897374219,1000
movielens,S2,1.0,0.9,EARL,-0.005267380897374219,-0.17903647184906374,19.08523370792935,19.086073450150373,1000
movielens,S2,1.0,0.9,EARL-centred,-0.005267380897374219,-2.1472919918096096,452.0350349798265,452.04013506779575,1000
movielens,S2,1.0,0.9,ERL-drop,-0.005267380897374219,-0.1606060865744207,17.17671033713642,17.177461172156203,1000
movielens,S2,1.0,0.9,IPW-assign,-0.005267380897374219,-0.17249556747555841,9.873423694746476,9.874930388452361,1000
movielens,S2,1.0,0.9,IPW-alloc,-0.005267380897374219,0.005267380897374219,0.0,0.005267380897374219,1000
movielens,S2,1.0,1.0,EARL,-0.005267380897374219,0.1027236933762813,17.500059657836967,17.500361144417386,1000
movielens,S2,1.0,1.0,EARL-centred,-0.005267380897374219,0.1027236933762813,17.500059657836967,17.500361144417386,1000
movielens,S2,1.0,1.0,ERL-drop,-0.005267380897374219,0.1027236933762813,17.500059657836967,17.500361144417386,1000
movielens,S2,1.0,1.0,IPW-assign,-0.005267380897374219,0.005267380897374219,0.0,0.005267380897374219,1000
movielens,S2,1.0,1.0,IPW-alloc,-0.005267380897374219,0.005267380897374219,0.0,0.005267380897374219,1000
movielens,S3,1.0,0.1,EARL,0.0,-2.767792660387268,19.607650808483026,19.802036421497125,1000
movielens,S3,1.0,0.1,EARL-centred,0.0,1.3837654187186972,169.14638752769025,169.1520476388081,1000
movielens,S3,1.0,0.1,ERL-drop,0.0,-0.2767792660387268,1.9607650808483024,1.9802036421497125,1000
movielens,S3,1.0,0.1,IPW-assign,0.0,-0.16162158315937689,1.7964217459815957,1.8036775281569897,1000
movielens,S3,1.0,0.1,IPW-alloc,0.0,0.0,0.0,0.0,1000
movielens,S3,1.0,0.2,EARL,0.0,-3.4201528269001664,8.92204005685751,9.555116123602222,1000
movielens,S3,1.0,0.2,EARL-centred,0.0,-6.797378906304966,81.94637291589181,82.22780791232542,1000
movielens,S3,1.0,0.2,ERL-drop,0.0,-0.6840305653800333,1.7844080113715024,1.9110232247204448,1000
movielens,S3,1.0,0.2,IPW-assign,0.0,0.0010951321639790592,12.053335262961747,12.053335312712063,1000
movielens,S3,1.0,0.2,IPW-alloc,0.0,0.0,0.0,0.0,1000
movielens,S3,1.0,0.3,EARL,0.0,-2.959976361421145,3.638530786277101,4.690454811940759,1000
movielens,S3,1.0,0.3,EARL-centred,0.0,0.3499301198939023,42.80083692991482,42.802267381412975,1000
movielens,S3,1.0,0.3,ERL-drop,0.0,-0.8879929084263434,1.0915592358831305,1.4071364435822278,1000
movielens,S3,1.0,0.3,IPW-assign,0.0,-0.2738830637357198,1.9101603571642423,1.9296954481687232,1000
movielens,S3,1.0,0.3,IPW-alloc,0.0,0.0,0.0,0.0,1000
movielens,S3,1.0,0.4,EARL,0.0,-2.3597471286001617,1.2629095434678212,2.676442980135913,1000
movielens,S3,1.0,0.4,EARL-centred,0.0,-0.6111279627715994,26.82777446982831,26.83473421502164,1000
movielens,S3,1.0,0.4,ERL-drop,0.0,-0.9438988514400647,0.5051638173871285,1.0705771920543654,1000
movielens,S3,1.0,0.4,IPW-assign,0.0,-0.3286585135354637,2.9384601740528202,2.9567828146507265,1000
movielens,S3,1.0,0.4,IPW-alloc,0.0,0.0,0.0,0.0,1000
movielens,S3,1.0,0.5,EARL,0.0,-2.034835208667063,2.863774967420482,3.5130843130296934,1000
movielens,S3,1.0,0.5,EARL-centred,0.0,-1.3921395496940678,40.12295759665578,40.14710174880449,1000
movielens,S3,1.0,0.5,ERL-drop,0.0,-1.0174176043335315,1.431887483710241,1.7565421565148467,1000
movielens,S3,1.0,0.5,IPW-assign,0.0,-0.12448304402557854,1.8928070464014375,1.8968960285573924,1000
movielens,S3,1.0,0.5,IPW-alloc,0.0,0.0,0.0,0.0,1000
movielens,S3,1.0,0.6,EARL,0.0,-1.5404153149577124,4.491184722161289,4.748012168384917,1000
movielens,S3,1.0,0.6,EARL-centred,0.0,1.5741516233456756,56.300631661718626,56.32263380597356,1000
movielens,S3,1.0,0.6,ERL-drop,0.0,-0.9242491889746276,2.6947108332967726,2.84880730103095,1000
movielens,S3,1.0,0.6,IPW-assign,0.0,-0.23573436439033138,2.8828183542126844,2.8924405532249136,1000
movielens,S3,1.0,0.6,IPW-alloc,0.0,0.0,0.0,0.0,1000
movielens,S3,1.0,0.7,EARL,0.0,-1.2349596602067794,5.899049433856385,6.026932020972145,1000
movielens,S3,1.0,0.7,EARL-centred,0.0,2.625603479986249,83.97872849896372,84.01976335325384,1000
movielens,S3,1.0,0.7,ERL-drop,0.0,-0.8644717621447453,4.12933460369947,4.2188524146805015,1000
movielens,S3,1.0,0.7,IPW-assign,0.0,-0.43981733261648776,10.650472899256066,10.659550284315834,1000
movielens,S3,1.0,0.7,IPW-alloc,0.0,0.0,0.0,0.0,1000
movielens,S3,1.0,0.8,EARL,0.0,-0.734052076326394,6.862654629985455,6.901801288158033,1000
movielens,S3,1.0,0.8,EARL-centred,0.0,2.703201931016095,109.79675833220467,109.83002977756314,1000
movielens,S3,1.0,0.8,ERL-drop,0.0,-0.5872416610611153,5.490123703988364,5.521441030526427,1000
movielens,S3,1.0,0.8,IPW-assign,0.0,-0.06237715849835332,1.2108485250071839,1.2124541477575148,1000
movielens,S3,1.0,0.8,IPW-alloc,0.0,0.0,0.0,0.0,1000
movielens,S3,1.0,0.9,EARL,0.0,-0.22101174730411952,7.665722936154719,7.668908287777012,1000
movielens,S3,1.0,0.9,EARL-centred,0.0,-2.8281804102506887,179.8118006853671,179.83404091035464,1000
movielens,S3,1.0,0.9,ERL-drop,0.0,-0.19891057257370778,6.899150642539246,6.90201745899931,1000
movielens,S3,1.0,0.9,IPW-assign,0.0,0.0,0.0,0.0,1000
movielens,S3,1.0,0.9,IPW-alloc,0.0,0.0,0.0,0.0,1000
movielens,S3,1.0,1.0,EARL,0.0,0.48596483128246315,8.075084660949825,8.089694314295848,1000
movielens,S3,1.0,1.0,EARL-centred,0.0,0.48596483128246315,8.075084660949825,8.089694314295848,1000
movielens,S3,1.0,1.0,ERL-drop,0.0,0.48596483128246315,8.075084660949825,8.089694314295848,1000
movielens,S3,1.0,1.0,IPW-assign,0.0,0.0,0.0,0.0,1000
movielens,S3,1.0,1.0,IPW-alloc,0.0,0.0,0.0,0.0,1000
